Japanese,English
ロロノア・ゾロ,Roronoa Zoro
トラファルガー・ロー,Trafalgar Law
モンキー・D・ルフィ,Monkey.D.Luffy
ウソップ,Usopp
ウタ,Uta
お玉,Otama
カリブー,Caribou
キャベンディッシュ,Cavendish
キャロット,Carrot
狛ちよ,Komachiyo
ゴードン,Gordon
サイ,Sai
サンジ,Sanji
ジンベエ,Jinbe
トニートニー・チョッパー,Tony Tony.Chopper
ナミ,Nami
ニコ・ロビン,Nico Robin
ハイルディン,Hajrudin
バルトロメオ,Bartolomeo
ヒョウ五郎,Hyogoro
フランキー,Franky
ブルック,Brook
マルコ,Marco
ゴムゴムの火拳銃,Gum-Gum Fire-Fist Pistol Red Hawk
円卓,Round Table
必殺緑星ラフレシア,Green Star Rafflesia
ラディカルビ～～～ム‼‼,Radical Beam!!
2年後に‼!シャボンディ諸島で!!!,In Two Years!! At the Sabaody Archipelago!!
光月おでん,Kouzuki Oden
アシュラ童子,Ashura Doji
イゾウ,Izo
イヌアラシ,Inuarashi
お菊,Okiku
お鶴,Otsuru
河松,Kawamatsu
カン十郎,Kanjuro
キラー,Killer
錦えもん,Kin'emon
光月モモの助,Kouzuki Momonosuke
小紫,Komurasaki
しのぶ,Shinobu
シャチ,Shachi
ジャンバール,Jean Bart
傳ジロー,Denjiro
ネコマムシ,Nekomamushi
ベポ,Bepo
ペンギン,Penguin
ユースタス・キッド,"Eustass""Captain""Kid"
雷ぞう,Raizo
ワイヤー,Wire
X・ドレーク,X.Drake
おれの”侍”になれ‼!,You Can Be My Samurai!!
降魔の相,Demon Face
桃源白滝,Paradise Waterfall
磁気弦,Punk Gibson
べべんっ‼,BE-BENG!!
ドンキホーテ・ドフラミンゴ,Donquixote Doflamingo
カイドウ,Kaido
クロコダイル,Crocodile
アーロン,Arlong
アルビダ,Alvida
ヴェルゴ,Vergo
クリーク,Krieg
ゲッコー・モリア,Gecko Moria
シーザー・クラウン,Caesar Clown
ジュラキュール・ミホーク,Dracule Mihawk
スマイリー,Smiley
バーソロミュー・くま,Bartholomew Kuma
パシフィスタ,Pacifista
ベラミー,Bellamy
ペローナ,Perona
ボア・ハンコック,Boa Hancock
ミス・オールサンデー,Ms. All Sunday
ミス・ダブルフィンガー(ザラ),Miss Doublefinger(Zala)
モチャ,Mocha
モネ,Monet
Mr.1(ダズ・ボーネス),Mr.1(Daz.Bonez)
Mr.2ボン・クレー(ベンサム),Mr.2.Bon.Kurei(Bentham)
Mr.3(ギャルディーノ),Mr.3(Galdino)
超過鞭糸,Overheat
オフィサーエージェント,Officer Agents
砂漠の宝刀,Desert Spada
三日月形砂丘,Crescent Cutlass
バロックワークス,Baroque Works
キング,King
浦島,Urashima
うるティ,Ulti
狂死郎,Kyoshirou
クイーン,Queen
黒炭オロチ,Kurozumi Orochi
黒炭せみ丸,Kurozumi Semimaru
黒炭ひぐらし,Kurozumi Higurashi
ササキ,Sasaki
ジャック,Jack
スクラッチメン・アプー,Scratchmen Apoo
スピード,Speed
バオファン,Bao Huang
バジル・ホーキンス,Basil Hawkins
ババヌキ,Babanuki
人斬り鎌ぞう,Hitokiri Kamazo
フーズ・フー,Who's.Who
福ロクジュ,Fukurokuju
ブラックマリア,Black Maria
ページワン,Page One
ホールデム,Holedem
象の鼻息,Elephant's Marchoo
人造悪魔の実SMILE,Artificial Devil Fruit SMILE
シープスホーン,Sheep's Horn
ウル頭銃,Ulti-Mortar
雷鳴八卦,Thunder Bagua
シャンクス,Shanks
ヤマト,Yamato
エドワード・ニューゲート,Edward.Newgate
モンキー・D・ガープ,Monkey.D.Garp
アトモス,Atmos
カーリー・ダダン,Curly.Dadan
キングデュー,Kingdew
サッチ,Thatch
ジョズ,Jozu
スクアード,Squard
ドグラ,Dogura
ビスタ,Vista
ブレンハイム,Blenheim
ポートガス・D・エース,Portgas.D.Ace
ホワイティベイ,Whitey Bay
マキノ,Makino
マグラ,Magura
マスクド・デュース,Masked Deuce
ラクヨウ,Rakuyo
リトルオーズJr.,LittleOars Jr.
海震,Seaquake
白ひげ海賊団,Whitebeard Pirates
バカな息子をそれでも愛そう…,You May Be a Fool...but I Still Love You
モビー・ディック号,Moby Dick
光月トキ,Kouzuki Toki
シシリアン,Shishilian
モンキー・Ｄ・ルフィ,Monkey.D.Luffy
ワンダ,Wanda
三刀流 鬼斬り,Three Sword Style Oni Giri
悪魔風脚 野獣肉シュート,Diable Jambe Venaison Shoot
桃源十拳,Paradise Totsuka
ワノ国,Land of Wano
エンポリオ・イワンコフ,Emporio.Ivankov
イナズマ,Inazuma
カバジ,Cabaji
バギー,Buggy
モージ,Mohji
モーリー,Morley
Mr.2・ボン・クレー(ベンサム),Mr.2.Bon.Kurei(Bentham)
インペルダウンオールスター,Impel Down All Stars
唐草瓦正拳,Arabesque Brick Fist
ゴムゴムの雨,Gum-Gum Rain
DEATH WINK,DEATH WINK
ニューカマーランド,New Kama Land
マゼラン,Magellan
ゼット,Zephyr
サディちゃん,Little Sadi
サルデス,Saldeath
シキ,Shiki
シリュウ,Shiryu
ソリティア,Solitaire
ダイフゴー,Daifugo
ダグラス・バレット,Douglas Bullet
ドボン,Dobon
ドミノ,Domino
バーンディ・ワールド,Byrnndi World
ハンニャバル,Hannyabal
ブルゴリ,Blugori
ミノコアラ,Minokoala
ミノタウロス,Minotaur
SPHINX,Sphinx
地獄の審判,Judgment of Hell
毒竜,Hydra
毒の道,Venom Road
インペルダウン,Impel Down
スモーカー,Smoker
イスカ,Isuka
オニグモ,Onigumo
クザン,Kuzan
コーミル,Komille
コビー,Koby
サカズキ,Sakazuki
ジャンゴ,Jango
ストロベリー,Strawberry
センゴク,Sengoku
戦桃丸,Sentomaru
たしぎ,Tashigi
つる,Tsuru
ドーベルマン,Doberman
ドンキホーテ・ロシナンテ,Donquixote Rosinante
ハグワール・D・サウロ,Jaguar.D.Saul
ヒナ,Hina
フルボディ,Fullbody
ベルメール,Bell-mère
ヘルメッポ,Helmeppo
ボルサリーノ,Borsalino
ヤマカジ,Yamakaji
氷河時代,Ice Age
八尺瓊勾玉,Yasakani Sacred Jewel
流星火山,Meteor Volcano
アディオ,Adio
クリエル,Curiel
スピード・ジル,Speed Jil
ナミュール,Namule
ハルタ,Haruta
フォッサ,Fossa
ブラメンコ,Blamenco
マーシャル・D・ティーチ,Marshall.D.Teach
リム,Lim
炎帝,Flame Emperor
十字火,Cross Fire
火拳,Fire Fist
火達磨,Fiery Doll
ストライカー,Striker
クロ,Kuro
ギン,Gin
クロオビ,Kuroobi
シャム,Sham
チュウ,Chew
パール,Pearl
はっちゃん,Hatchan
ブチ,Buchi
モーム,Momoo
杓死,Out-of-the-Bag
歯ガム,Tooth Attack
猛毒ガス弾『M・H・５』,Deathly Poison Gas Bomb MH5
ワン・ツー・ジャンゴ,"One, Two, Jango"
ウソップ海賊団,Usopp's Pirate Crew
ガイモン,Gaimon
カヤ,Kaya
カルネ,Carne
ゲンゾウ,Genzo
ゼフ,Zeff
ノジコ,Nojiko
パティ,Patty
ブードル,Boodle
メリー,Merry
ヨサク&ジョニー,Yosaku & Johnny
ウソーーップ輪ごーむっ!!!,Usopp's Rubber Band of Doom!!!
ゴムゴムの大槌,Gum-Gum Giant Gavel
サンジのピラフ,Sanji's Pilaf
三・千・世・界,Three Thousand Worlds
アイスバーグ,Iceburg
カク,Kaku
カリファ,Kalifa
キウイ&モズ,Kiwi & Mozu
ココロ,Kokoro
ザンバイ,Zambai
タイルストン,Tilestone
チムニー＆ゴンベ,Chimney & Gonbe
パウリー,Paulie
ピープリー・ルル,Peepley Lulu
ミノゼブラ,Minozebra
ミノリノケロス,Minorhinoceros
ロブ・ルッチ,Rob Lucci
ゴムゴムのJET銃乱打,Gum-Gum Jet Gatling
船底解体斬り,Hull Dismantler Slash
独楽結び,Top Knot
ガレーラカンパニー,Galley-La Company
シャーロット・リンリン,Charlotte Linlin
イッショウ,Issho
クマドリ,Kumadori
コーギー,Corgy
ジェリー,Jerry
ジャブラ,Jabra
スパンダム,Spandam
ネロ,Nero
フクロウ,Fukurou
ブランニュー,Brannew
ブルーノ,Blueno
ワンゼ,Wanze
空気開扉,Air Door
石鹼羊,Soap Sheep
嵐脚 周断,Tempest Kick Sky Slicer
六王銃,Six King Pistol
エニエス・ロビー,Enies Lobby
シャーロット・カタクリ,Charlotte Katakuri
キングバーム,Kingbaum
ケイミー,Camie
始末屋ボビン,Bobbin the Disposer
シャーリー,Shirley
シャーロット・オーブン,Charlotte Oven
シャーロット・オペラ,Charlotte Opera
シャーロット・ガレット,Charlotte Galette
シャーロット・クラッカー,Charlotte Cracker
シャーロット・シフォン,Charlotte Chiffon
シャーロット・スムージー,Charlotte Smoothie
シャーロット・プラリネ,Charlotte Praline
シャーロット・プリン,Charlotte Pudding
シャーロット・ペロスペロー,Charlotte Perospero
シュトロイゼン,Streusen
しらほし,Shirahoshi
ナポレオン,Napoleon
威国,Ikoku Sovereignty
斬・切・餅,Buzz Cut Mochi
熱海温泉,Tropical Torment
雷霆,Thunder Bolt
そげキング,Sogeking
ネフェルタリ・ビビ,Nefeltari Vivi
イガラム,Igaram
カルー,Karoo
クンフージュゴン,Kung Fu Jugon
コーザ,Koza
チャカ,Chaka
超カルガモ部隊,Super Spot-Billed Duck Troops
ネフェルタリ・コブラ,Nefeltari Cobra
ペル,Pell
反行儀キックコース,Bad Manners Kick Course
幸せパンチ,Happiness Punch
魅惑のメマーイダンス,Enchanting Vertigo Dance
ヴィオラ,Viola
エリック,Eric
シュガー,Sugar
ジョーラ,Giolla
セニョール・ピンク,Senor Pink
ダディ・マスターソン,Daddy Masterson
ディアマンテ,Diamante
デリンジャー,Dellinger
トレーボル,Trebol
ベビー5,Baby 5
マッハバイス,Machvise
ラオG,Lao.G
蜘蛛の巣がき,Spiderweb
ドンキホーテファミリー,Donquixote Family
羽撃糸,Flapping Thread
弱ェ奴は死に方も選べねェ!!!,The Weak Do Not Have the Right to Choose How They Die!!!
レベッカ,Rebecca
アピス,Apis
いっぽんマツ,Ipponmatsu
氷鬼,Ice Oni
ハンガーさん,Hanger
六鬼,Rokki
疫災弾,Plague Rounds
ゴムゴムの業火拳銃,Gum-Gum Red Roc
龍巻壊風,Dragon Twister Demolition Breath
トム,Tom
バナナワニ,Bananagator
ミス・ゴールデンウィーク(マリアンヌ),Miss.Goldenweek(Marianne)
ミス・バレンタイン(ミキータ),Miss.Valentine(Mikita)
ミス・メリークリスマス(ドロフィー),Miss.MerryChristmas(Drophy)
ヨコヅナ,Yokozuna
Mｒ.2・ボン・クレー(ベンサム),Mr.2.Bon.Kurei(Bentham)
Mr.4(ベーブ),Mr.4(Babe)
Mr.5(ジェム),Mr.5(Gem)
Mr.13&ミス・フライデー,Mr.13 & Ms.Friday
カラーズトラップ,Colors Trap
鼻空想砲,Nez-Palm Cannon
弱ェってのは…罪なもんだ…,Weakness...Is an Unforgivable Sin.
イデオ,Ideo
オイモ&カーシー,Oimo & Kashii
オオロンブス,Orlumbus
ギャッツ,Gyats
キュロス,Kyros
サボ,Sabo
ステューシー,Stussy
スレイマン,Suleiman
チンジャオ,Chinjao
レオ,Leo
ゴムゴムの大猿王銃,Gum-Gum King Kong Gun
雷の破壊剣,Trueno Bastardo
バ～～～～リアッ!!,Barrier!!
コリーダコロシアム,Corrida Coliseum
おトコ,Toko
おリン,Olin
カポネ・ベッジ,"Capone""Gang""Bege"
カルメル,Carmel
光月日和,Kouzuki Hiyori
シャーロット・アマンド,Charlotte Amande
シャーロット・ババロア,Charlotte Bavarois
シャーロット・モスカート,Charlotte Moscato
トの康,Tonoyasu
パウンド,Pound
ヘラ,Hera
ラビヤン,Rabiyan
ランドルフ,Randolph
銃・擬鬼,Gun Modoki
悪魔風脚 ほほ肉シュート,Diable Jambe Joue Shot
天上の火,Heavenly Fire
ベロ・ベティ,Belo Betty
カラス,Karasu
コアラ,Koala
トト,Toh-Toh
ハック,Hack
バニー・ジョー,Bunny Joe
リンドバーグ,Lindbergh
エンポリオ・テンションホルモン,Emporio Energy Hormone
四千枚瓦正拳,Four Thousand-Brick Fist
革命軍総本部,Revolutionary Army HQ
キュイーン,Kuween
グラディウス,Gladius
サーキース,Sarquiss
バッファロー,Buffalo
ピーカ,Pica
ベビー５,Baby 5
勝者だけが正義だ!!!!,Because the Side of Justice Will Be Whichever Side Wins!!
舞踏石,Charlestone
ベタベットン流星,Stick-Stickem Meteora
鳥カゴ,Birdcage
ジョン・ジャイアント,John Giant
ステンレス,Stainless
ダルメシアン,Dalmatian
バスティーユ,Bastille
八茶,Haccha
メイナード,Maynard
モザンビア,Mozambia
X・バレルズ,X.Barrels
犬噛紅蓮,Hound Blaze
命がも゛ったいだいっ!!!!,It's a Waste of Human Life!!
始めよう”暴力の世界”!!!,Let Us Begin the World of Violence!!!
ウソ八,Uso-Hachi
おナミ,O-Nami
おロビ,O-Robi
サン五郎,San-Gorou
ゾロ十郎,Zoro-Juurou
チョパえもん,Chopa-Emon
フラの介,Fra-Nosuke
ホネ吉,Hone-Kichi
海は海賊が相手だ!!!,When You're at Sea You Fight against Pirates!!
ガンマナイフ,Gamma Knife
磁気魔人,Punk Rotten
エリザベローⅡ世,Elizabello II
片足の兵隊,One-Legged Toy Soldier
ステリー,Sterry
チャルロス聖,Saint Charlos
ハクバ,Hakuba
マンシェリー,Mansherry
ミョスガルド聖,Saint Mjosgard
リク・ドルド3世,Riku Doldo III
ロズワード聖,Saint Rosward
高級仕立パッチ★ワーク,Haute Couture Patch★Work
竜の鉤爪,Dragon Claw
5億で買うえ～～!!!,I Bid 500 Million!!
聖地マリージョア,Mary Geoise
エネル,Enel
アマゾン,Amazon
オーム,Ohm
ゲダツ,Gedatsu
コトリ,Kotori
コニス,Conis
サトリ,Satori
シュラ,Shura
スペーシー中尉,Lieutenant Spacey
ノラ,Nola
パガヤ,Pagaya
ホーリー,Holly
ホトリ,Hotori
マッキンリー隊長,Captain McKinley
ヤマ,Yama
神の裁き,El Thor
2億V雷神,Two-Hundred Million Volts Amaru
3000万V雷鳥,Hino Bird Zap
アッパーヤード,Upper Yard
オマツリ男爵,Baron Omatsuri
ガスパーデ,Gasparde
サガ,Saga
シュナイダー,Schneider
シュライヤ,Shuraiya
トットムジカ,Tot Musica
ベアキング,Bear.King
ラチェット,Ratchet
リリーカーネーション,Lily Carnation
レイズ・マックス,Raise Max
恋のメテオストライク,Meteor-Strike of Love
ゴムゴムの大猿王銃乱打,Gum-Gum King Kong Gatling
青龍印 流水,Blue Dragon Seal Water Stream
ホーディ・ジョーンズ,Hody Jones
イカロス・ムッヒ,Ikaros Much
コウシロウ,Koushirou
ジャイロ,Gyro
ゼオ,Zeo
ダルマ,Daruma
ドスン,Dosun
ハモンド,Hammond
バンダー・デッケン九世,Vander Decken IX
ヒョウゾウ,Hyouzou
リューマ,Ryuma
ワダツミ,Wadatsumi
一大・三千・大千・世界,The Billion-fold World Trichiliocosm
お前じゃ退屈凌ぎにもなりゃしねェ!!!,You Ain't Even Worth Killing Time!!
矢武鮫,Shark Arrows
方舟ノア,The Ark Noah
ヴィンスモーク・レイジュ,Vinsmoke Reiju
アラマキ,Aramaki
ギオン,Gion
トキカケ,Tokikake
天叢雲剣,Ama no Murakumo Sword
おれは女の涙を疑わねェっ!!!!,But I Will Never Doubt a Woman's Tears!!!!
重力刀 猛虎,Gravity Blade Raging Tiger
ホワイトスネーク,White Snake
ヴィンスモーク・イチジ,Vinsmoke Ichiji
ヴィンスモーク・ジャッジ,Vinsmoke Judge
ヴィンスモーク・ソラ,Vinsmoke Sora
ヴィンスモーク・ニジ,Vinsmoke Niji
ヴィンスモーク・ヨンジ,Vinsmoke Yonji
エルドラゴ,Eldoraggo
ギルド・テゾーロ,Gild Tesoro
コゼット,Cosette
ゼファー,Zephyr (Navy)
バトラー伯爵,Count Battler
混色バグ,Black Bug
GERMA 66,GERMA 66
ジェルマ王国,Kingdom of GERMA
アブサロム,Absalom
犬っぺ,Inuppe
オーズ,Oars
風のジゴロウ,Jigoro of the Wind
クマシー,Kumacy
ケルベロス,Cerberus
タララン,Taralan
ドクトル・ホグバック,Dr. Hogback
ビクトリア・シンドリー,Victoria Cindry
ローラ,Lola
影の集合地,Shadows Asgard
…なにも!!!な゛かった…!!!!,...Nothing...at All!!!
ネガティブホロウ,Negative Hollow
スリラーバーク,Thriller Bark
アイサ,Aisa
カマキリ,Kamakiri
菊之丞,Kikunojo
ゲンボウ,Genbo
天狗山飛徹,Tenguyama Hitetsu
ブラハム,Braham
ラキ,Raki
ワイパー,Wyper
お前が消えろ,You're the One Who Should Disappear.
排撃,Reject
方舟マクシム,The Ark Maxim
モンキー・D・ドラゴン,Monkey.D.Dragon
アイン,Ain
アウトルック3世,Outlook III
カリーナ,Carina
ダイス,Dice
タナカさん,Mr. Tanaka
ドグラ＆マグラ,Dogura & Magura
バカラ,Baccarat
ブルージャム,Bluejam
ポルシェーミ,Porchemy
モーダ,Moda
銀河・WINK,Galaxy Wink
竜の息吹,Dragon Breath
KEEP OUT,KEEP OUT
ジュエリー・ボニー,Jewelry Bonney
アラディン,Aladine
ウルージ,Urouge
コリブー,Coribou
パッパグ,Pappag
フィッシャー・タイガー,Fisher Tiger
因果晒し,Karmic Punishment
鬼気 九刀流 阿修羅 魔九閃,Demonic Aura Nine-Sword Style Asura Demon Nine Flash
ピザお～か～わ～り～!!!,More Pizza!!
エドワード・ウィーブル,Edward Weevil
グロリオーサ(ニョン婆),Gloriosa (Grandma Nyon)
サロメ,Salome
バッキン,Buckin
ボア・サンダーソニア,Boa Sandersonia
ボア・マリーゴールド,Boa Marigold
マーガレット,Marguerite
蛇ダンス,Snake Dance
虜の矢,Slave Arrow
芳香脚,Perfume Femur
女ヶ島,Island of Women
フォクシー,Foxy
イトミミズ,Itomimizu
ヴィンスモーク・サンジ,Vinsmoke Sanji
カポーティ,Capote
ジーナ,Gina
トンジット,Tonjit
ハンバーグ,Hamburg
ピクルス,Pickles
ビッグパン,Big Bun
ポルチェ,Porche
モンダ,Monda
ノロノロビ～～～～ム,Slow-Slow Beam
ノロノロビームソード,Slow-Slow Beam Sword
"""ひとつなぎの大秘宝""を獲りに行くぞ!!!",We're Going to Claim the One Piece!!!
メガトン九尾ラッシュ,Megaton Nine-Tails Rush
キャプテン・ジョン,Captain John
ジスモンダ,Gismonda
バスカビル,Baskerville
ハットリ,Hattori
マハ,Maha
モルガンズ,Morgans
ヨセフ,Joseph
剃,Shave
鉄塊,Iron Body
嵐脚,Tempest Kick
ベガパンク,Vegapunk
アトラス,Atlas
エジソン,Edison
シャカ,Shaka
ピタゴラス,Pythagoras
フザ,Fuza
ベガフォースワン,Vega Force 01
ヨーク,York
リリス,Lilith
ルーシー,Lucy
世界最大の頭脳を持つ男,He Possesses the World's Most Brilliant Mind
助けてクエーサ～!!!,I Re-Quasar Helllp!!
焔裂き,Blaze Slice
エッグヘッド,Egghead
イッシー20,Twenty Doctors
クロマーリモ,Kuromarimo
チェス,Chess
チェスマーリモ,Chessmarimo
ドルトン,Dalton
ネギ熊まりあ,Maria Onion Bear
ハイキングベア,Hiking Bear
ムッシュール,Musshuru
ラパーン,Lapins
ロブソン,Robson
ワポル,Wapol
Dr.くれは,Dr.Kureha
Dr.ヒルルク,Dr.Hiriluk
おれは決して お前を撃たねェ!!!!,I'd Never Shoot You!!!!
刻蹄『桜』,Cloven Rose
バクバク食,Munch-Munch Mutation
ドラム王国,Drum Kingdom
コンスロット,Concelot
ジョバンニ,Giovanni
トリスタン,Tristan
ペコムズ,Pekoms
ペドロ,Pedro
ミヤギ,Miyagi
ミルキー,Milky
ロディ,Roddy
BB,BB
エレクトリカルルナ,Electrical Luna
ガルチュー,Garchu
敵に“仲間”は売らんぜよ!!!,We Would Never Sell a Comrade to an Enemy!!!
ゾウ,Zou
アフェランドラ,Aphelandra
シャクヤク,Shakuyaku
スイトピー,Sweetpea
愛してくれて………ありがとう!!!,Thank You...for Loving Me!!
いきなり“キング”は取れねェだろうよい,You Can't Take Our King This Early in the Game.
鳳凰印,Phoenix Brand
アルベル,Alber
シャーロット・ブリュレ,Charlotte Brulee
タマゴ男爵,Baron Tamago
ニワトリ伯爵,Count Niwatori
ビスケット兵,Biscuit Warrior
ヒヨコ子爵,Viscount Hiyoko
キャンディメイデン,Candy Maiden
しぬほど…おいしい♡,It's to Die For...
覇海,Conquest of the Sea
ゲルニカ,Guernica
シープスヘッド,Sheepshead
ジンラミー,Ginrummy
デュバル,Duval
ハムレット,Hamlet
炎皇,Imperial Flame
鉄塊 牙閃,Iron Body Fang Flash
人の夢は!!!終わらねェ!!!!,People's Dreams Don't Ever End!!
ヘリケラトプス,Heliceratops
カルガラ,Kalgara
サウスバード,South Bird
シャーロット・エンゼル,Charlotte Angel
シャーロット・カスタード,Charlotte Custard
シャーロット・ポワール,Charlotte Poire
ニトロ,Nitro
モンブラン・クリケット,Mont Blanc Cricket
モンブラン・ノーランド,Mont Blanc Noland
S-シャーク,S-Shark
S-スネーク,S-Snake
S-ベア,S-Bear
S-ホーク,S-Hawk
大地は敗けない!!!,The Earth Will Not Lose!
燃焼砲,Burn Bazooka
燃焼剣,Burn Blade
シルバーズ･レイリー,Silvers Rayleigh
カイドウ＆リンリン,Kaido & Linlin
シャチ＆ペンギン,Shachi & Penguin
シルバーズ・レイリー,Silvers Rayleigh
"""ハウリング""ガブ",Howling Gab
ヒート,Heat
ビルディング・スネイク,Building Snake
ベン・ベックマン,Benn.Beckman
ボンク・パンチ,Bonk Punch
ホンゴウ,Hongo
モンスター,Monster
ヤソップ,Yasopp
ライムジュース,Limejuice
ラッキー・ルウ,Lucky.Roux
ロックスター,Rockstar
失せろ,Get Out of Here!
おれは友達を傷つける奴は許さない!!!!,Nobody Hurts a Friend of Mine!!!!
来い…!!!おれ達が相手をしてやる!!!,Come On!! We'll Fight You!!
レッド・フォース号,Red Force
ゴムゴムの「四本樹」JET十字架ショックバズーカ,Gum-Gum Cuatro Jet Cross Shock Bazooka
雷光槍フリップ煩悩鳳ショット,Thunder Lance Flip Caliber Phoenix Shot
魂のフランキー風速計BOXING喪剣,Soul Franky Swing Arm Boxing Solid
リッチー,Richie
クロスギルド,Cross Guild
特製マギー玉,Special Muggy Ball
湯けむり殺人事件,Murder at the Steam Bath
カライ・バリ島,Emptee Bluffs Island
ゴムゴムの雷,Gum-Gum Lightning
ゴムゴムの巨人,Gum-Gum Giant
ゴムゴムの縄跳び,Gum-Gum Jump Rope
サウザンド・サニー号,Thousand Sunny
マーシャル・Ｄ・ティーチ,Marshall.D.Teach
アバロ・ピサロ,Avalo Pizarro
ヴァン・オーガー,Van Augur
カタリーナ・デボン,Catarina Devon
ジーザス・バージェス,Jesus Burgess
ストロンガー,Stronger
ドクQ,Doc Q
バスコ・ショット,Vasco Shot
桃ひげ,Peachbeard
ラフィット,Laffitte
おれの時代だァ!!!!,My Era...Begins!!
闇水,Black Vortex
闇穴道,Black Hole
ハチノス,Fullalead
クローバー博士,Professor Clover
ニコ・オルビア,Nico Olvia
ピエール,Pierre
アイス塊「両棘矛」,Ice Block Partisan
”奇跡”ナメんじゃないよォ!!!!,Never Underestimate the Power of Miracles!!
デレシ!!,Dereshi!
ゴール・D・ロジャー,Gol.D.Roger
シーザー兵,Ceaser Soldier
スコッチ,Scotch
チャドロス・ヒゲリゲス(茶ひげ),Chadros.Higelyges (Brownbeard)
ドラゴン十三號,Dragon Number Thirteen
ロック,Rock
カマクラ十草紙,Ten-Layer Igloo
神避,Divine Departure
ゴムゴムのUFO,Gum-Gum UFO
パンクハザード,Punk Hazard
ゴムゴムの龍火炎銃巻き星,Gum-Gum Dragon Fire Pistol Twister Star
弱ェ奴は死に方も選べねェ,The Weak Do Not Have the Right to Choose How They Die
ラジオナイフ,Radio Knife
ウーシー,Moocy
カブ,Cub
ビアン,Bian
ブルーギリー,Blue Gilly
おまえ…タチ…わ…おれ…が…み…ち…び…く…!!!,Fo...llow...Me...and...I...Will...Gui...de...You
バリバリの銃,Barrier-Barrier Pistol
必殺!!遠距離“蓑虫星”,Special Long-Range Attack!! Bagworm
ヴァイオレット,Violet
複製兵,Clone Soldier
闘魚,Fighting Fish
家族を笑う者はおれが許さん…!!!,I Do Not Forgive Those Who Laugh at My Family!!!
神誅殺,God Thread
小熊玩具,Little Black Bears
サンファン・ウルフ,Sanjuan.Wolf
ホーミング聖,Saint Homing
王下七武海はもう要らねェ…!!!,There’s No Longer Any Need for the Seven Warlords of the Sea!!!
ゴムゴムの犀榴弾砲,Gum-Gum Rhino Schneider
解放,Liberation
ヒート＆ワイヤー,Heat & Wire
“新世界”で会おうぜ,Let's Meet Again in the New World
電磁砲,Damned Punk
ROOM,ROOM
孔雀,Kujyaku
ドール,Doll
ひばり,Hibari
ビンズ,Bins
プリンス・グルス,Prince Grus
実直拳骨,Honesty Impact
粘土の巣,Glorp Web!!
X狩場,X Calibur
イシリー,Ishilly
ウロコ,Scaled Neptunian
ギョロ目,Bulge-Eyed Neptunian
近海の主,Lord of the Coast
スルメ,Surume
トリ,Bird Neptunian
マダラ,Spotted Neptunian
“古代兵器”「ポセイドン」,Ancient Weapon Poseidon
ゴムゴムの象銃乱打,Gum-Gum Elephant Gatling
武頼貫,Vagabond Drill
ヴィト,Vito
ゴッティ,Gotti
シャーロット・ローラ,Charlotte Lola
ゴムゴムの王蛇,Gum-Gum King Cobra
式をブッ壊そう!!!,Let's Crash This Wedding!!!
ゴムゴムのJET大蛇砲,Gum-Gum Jet Culverin
シャーロット・アナナ,Charlotte Anana
シャーロット・ダイフク,Charlotte Daifuku
シャーロット・モンドール,Charlotte Mont-d'or
10つ子達,Decuplets
男の勝負に…!!!薄っぺらい援護などするな!!!!,When Two Men Are Fighting the Last Thing I Need Is Some Half-Hearted Assistance!!!!
ギア2,Gear Two
皇帝剣破々刃,Cognac Mama-Mash
さらへび先生,Miss Sarahebi
シュウ,Shu
ブリスコラ,Briscola
ベリーグッド,Berry Good
ボガード,Bogard
モーガン,Morgan
リッパー,Ripper
すっかり衰えた……!!!,After All These Years I'm Losing My Edge!!!
海底落下,Blue Hole
ぼくは!!!海軍将校になる男です!!!!,I'm Gonna Be a Navy Officer!!!
オトヒメ,Otohime
シャクレ,Long-Jaw Neptunian
ゼウス,Zeus
チョンマゲ,Topknot Neptunian
ネプチューン,Neptune
フカボシ,Fukaboshi
マンボシ,Mamboshi
メガロ,Megalo
リュウボシ,Ryuboshi
タイプじゃないんですっ…………!!,You're Just Not My Type!
人魚柔術 ウルトラマリン,Merman Combat Ultramarine
魚人島,Fish-Man Island
クロッカス,Crocus
“疑わない事”それが“強さ”だ!!!,To Never Doubt--That Is Power!
見聞色の覇気,Color of Observation Haki
覇王色の覇気,Color of the Supreme King Haki
武装色の覇気,Color of Arms Haki
牛鬼丸,Gyukimaru
くいな,Kuina
霜月コウ三郎,Shimotsuki Kouzaburou
鬼気 九刀流 阿修羅 抜剣 亡者戯,Demon Aura Nine Sword Style Asura Blades Drawn Dead Man's Game
二刀流 居合 羅生門,Two-Sword Style Rashomon
ルフィは海賊王になる男だ!!!,Luffy Is the Man Who Will Become the King of Pirates!!!
ハグワール・Ｄ・サウロ,Jaguar.D.Saul
モージ＆カバジ,Mohji & Cabaji
モンキー・Ｄ・ガープ,Monkey.D.Garp
アイス塊暴雉嘴,Ice Block Pheasant Peck
…おれは白ひげを王にする,I Will Make Whitebeard the King of the Pirates
粗砕,Concasser
牛肉バースト,Boeuf Burst
カルメン,Carmen
“お前の影響で出る音は全て消えるの術”だ,"The ""Extinguishes All Sound Created by Your Influence"" Technique"
串焼き,Brochette Blow
ルフィは“海賊王”になる男だ!!!,Luffy Is the Man Who Will Be King of the Pirates!!!
バラティエ,Baratie
ポーカー,Poker
ミゼルカ,Mizerka
モンキー・Ｄ・ドラゴン,Monkey.D.Dragon
熊の衝撃,Ursa Shock
軍隊長集結,Captains Assembled
夢打撃処裏拳,Hair Removal Fist
セト,Seto
トラファルガー・ラミ,Trafalgar Lammy
愛してるぜ!!,I Love You!!
鐘を鳴らして君を待つ!!!!,We'll Ring the Bell Waiting for You!!
破壊弦,Slam Gibson
ポートガス・Ｄ・エース,Portgas.D.Ace
ゴール・Ｄ・ロジャー,Gol.D.Roger
ウープ・スラップ,Woop Slap
エース＆サボ＆ルフィ,Ace & Sabo & Luffy
ヒグマ,Higuma
ポートガス・Ｄ・ルージュ,Portgas.D.Rouge
“火炎”が許さねェってよ!!,But Ace Here Said You Deserved It!!
拳・骨・隕石,Meteor Fist
ゴムゴムの銃乱打,Gum-Gum Gatling Gun
フーシャ村,Windmill Village
サニーくん,Sunny-Kun
ゴムゴムの象銃,Gum-Gum Elephant Gun
ゴムゴムの蛇銃,Gum-Gum Snake Shot
強ェとわかってんだから… 始めから全開だ!!!,I Know You're Strong... So I'll Go All Out from the Very Start!!!
“力”に屈したら男に生まれた意味がねェだろう,"If I Bowed Down to Power, What's the Point in Living?"
鳳梨礫,Phoenix Pyreapple
ブリリアント・パンク,Brilliant Punk
天月トキ,Amatsuki Toki
スコッパー・ギャバン,Scopper Gaban
プロメテウス,Prometheus
いっちょやるか生きててこその“殺し合い”!!!,Guess We'll Have Another Scrap. You Can Only Risk Death While You're Still Alive!!
頂点まで行って来い!!!,Go All the Way to the Top!!
オーロ・ジャクソン号,Oro Jackson
イム,Imu
イーザンバロン・V・ナス寿郎聖,St. Ethanbaron V. Nusjuro
五老星,Five Elders
ジェイガルシア・サターン聖,St. Jaygarcia Saturn
シェパード・十・ピーター聖,St. Shepherd Ju Peter
ジャルマック聖,Saint Jalmac
シャルリア宮,Saint Shalria
テリー・ギルテオ,Terry Gilteo
トップマン・ウォーキュリー聖,St. Topman Warcury
マーカス・マーズ聖,St. Marcus Mars
“五老星”ここに!!!,The Five Elders Are at Your Service!!!
世界の均衡など…永遠には保てぬのだ,The World's Equilibrium Cannot Be Maintained Forever
元々…ないではないか…,Never Existed... in the First Place...
虚の玉座,The Empty Throne
ギョギョ,Gyogyo
コニー,Conney
「紙絵」“残身”,Paper Art Afterimage
この海で一番自由な奴が海賊王だ!!!,The One Who Is the Most Free Is the Pirate King!!!
ゴムゴムの白いスタンプ,Gum-Gum Dawn Stamp
Ｘ・ドレーク,X.Drake
シャンブルズ,Chambres
反撃に出るぞ,Time for the Counterattack
「四皇」を一人…!!!引きずり降ろす“策”がある,I Have a Plan to Take Down One of the Four Emperors!!
ジョニー,Johnny
チャカ＆ペル,Chaka & Pell
ヒューマンドリル,Humandrill
ヨサク,Yosaku
このおれを越えてみよロロノア!!!,"Strive to Surpass me, Roronoa Zoro!!!"
ヒマつぶし,For Fun
虫ケラの顔など いちいち覚えちゃいない!!!,I Never Bother to Remember the Faces of Trash
棺船,Coffin Boat
マクロ一味,The Macro Gang
安心せい!!わしがおる!!!,Don't Worry!! I'm Here!!
海流一本背負い,Ocean Current Shoulder Throw
わしも連れて行ってくれ!!!必ず役に立つ!!!,Please Take Me with You!! I Can Be of Great Help to You!!
海原白波,Ever White
五色糸,Penta-Chromatic String
弾糸,Bullet String
スパイダーマウス,Spider Mice
ブヒチャック,Oinkchuck
ミス・ウェンズデー,Ms. Wednesday
Mr.9,Mr.9
浸食輪廻,Ground Death
早くおれを海賊王にならせろ!!!,Hurry Up and Make Me the Pirate King!
不服か？,Disappointed?
ゴルゴン三姉妹,Gorgon Sisters
ラン,Ran
リンドウ,Rindo
炎の蛇神,Salamander
欠片蝙蝠,Brick Bat
わらわ こわい…♡,You'll Frighten Me... ♡
海ネコ,Sea Cat
ネズミ,Nezumi
ハサミ,Pincers
バリア突進牛,Barrier Bulls
見てろよ!エース!!!,"Just Watch Me, Ace!!!"
ニャーバン兄弟,Meowban Brothers
プリンプリン,Purinpurin
ヨーキ,Yorki
ラブーン,Laboon
強ェ弱ェは結果が決めるのさ,The Outcome Will Tell Us Who's Strong and Who's Weak
命令してるんだ 誰もおれに逆らうな!!!,It's an Order! Do Not Defy Me!!!
ケリー・ファンク,Kelly Funk
ボビー・ファンク,Bobby Funk
誰にも渡さねェよ!“あいつ”の形見だ,And No One Else Can Have It! It's Our Memento of Him
使ってけれ‼ルフィ先輩ィ!!!,"Go Ahead and Use 'Em, Mr. Luffy!!!"
“メラメラの実”はおれが食っていいか？,Would You Let Me Eat the Flame-Flame Fruit?
ドレスローザ王国,Dressrosa Kingdom
キャプテン・シーマーズ,Captain Seamars
ゴロー,Goro
神兵,Heavenly Warriors
放電,Varie
雷獣,Lightning Beast Kiten
雷龍,Lightning Dragon
万雷,Mamaragan
スポイル,Spoil
パイレーツドッキング6,Pirates Docking Six
マルガリータ,Margarita
リスキー兄弟,The Risky Brothers
ゴムゴムの暴風雨,Gum-Gum Storm
飛燕ボンナバン,Swallow Bond en Avant
人として恥ずかしいわ,I Find It Embarrassing as a Human Being
ガン・フォール,Gan.Fall
タコバルーン,Octoballoon
衝撃貝,Impact Dial
ゴムゴムの黄金回転弾,Gum-Gum Golden Rifle
へそ!!,Heso!!
キッド&キラー,Kid & Killer
ドーマ,Doma
うるせェ!!!いこう!!!!,Just Shut Up and Come with Us!!!!
お前がおれに!!!勝てるわけねェだろうが!!!!,There's No Way You Could Defeat Me!!
ミニメリー2号,Mini-Merry
びん豪,Bingoh
山さん,Mountain God
盾白糸,Off-White
フォートリックス,Fourtricks
プリンス・ベレット,Prince Bellett
ゴムゴムのチャンピオン回転弾,Gum-Gum Champion Rifle
わりいおれ死んだ,Sorry. I'm a Goner.
ローグタウン,Loguetown
軍隊ウルフ,Army Wolves
ミス・マンデー,Ms. Monday
ミノチワワ,Minochihuahua
オカマ道,Oh Come My Way
降三世 引奈落,Conquerer of Three Worlds Ragnaraku
スカーレット,Scarlet
スパンダイン,Spandine
ファンクフリード,Funkfreed
Tボーン,T-Bone
生ぎたいっ!!!!,...I Want to Live!!
指銃,Finger Pistol
ガスティーノ,Gastino
シャーロット・コンポート,Charlotte Compote
シャーロット・フランぺ,Charlotte Flampe
雷迎,Kingdom Come
我が神なり,Did Someone Say...Kami?
ドン・アッチーノ,Don Accino
ニセ麦わらの一味,Fake Straw Hat Crew
刻蹄・桜吹雪,Cloven Rose Blizzard
最高到達点,The Peak
サーファンクル,Sarfunkel
チョッパーマン,Chopperman
ウィーアー！,We Are!
ゴムゴムの巨人の銃,Gum-Gum Giant Pistol
リュウ爺,Grandpa Ryu
仲間の夢を笑われた時だ!!!!,And That's When Somebody Makes Fun of Their Friend's Dream!!!!
Hope,Hope
クラバウターマン,Klabautermann
コーメイ,Komei
サンジ&プリン,Sanji & Pudding
BRAND NEW WORLD,BRAND NEW WORLD
ゴーイング・メリー号,Merry Go
オールハント・グラント,All-Hunt Grount
ジョナサン,Jonathan
ヒルドン,Hildon
ココロのちず,Kokoro no Chizu
鼻唄三丁矢筈斬り,Three-Pace Hum Soul Notch Slash
オルガ・ミスキナ,Myskina Olga
マッド・トレジャー,Mad Treasure
あーーっす！,UUUUUS!
お前がいねェと…!!おれは海賊王になれねェ!!!!,Without Your Help I Can't Become the King of the Pirates!!!!
いつかまた会えたら!!!もう一度 仲間と呼んでくれますか!!!?,But If We Ever See Each Other Again... Will You Call Me Your Shipmate?!!
出た!負け惜しみ～,"There You Are, Sore Loser!"
ユウ,Yu
不届き者‼控えよ‼,Insolent Fool!! Stand Down!!
シャーロット・フランペ,Charlotte Flampe
ごち♡,Thanks for the Treat. ♡
やっぱりお前らかこの大騒ぎ,I Knew You People Were Behind This.
私のしもべになる？,Will You Be My Servant?
スモーカー＆たしぎ,Smoker & Tashigi
歪んだ未来,Distorted Future
弟子の船出だ よしなに頼むよ…,It's My Student's Farewell. I Want It to Be Proper.
ルルシア王国,Lulucia Kingdom
光月スキヤキ,Kozuki Sukiyaki
ナゾムズ,Mystoms
エレ爪,Eleclaw
鮫瓦正拳,Shark Brick Fist
テラコッタ,Terracotta
ブルーグラス,Bluegrass
アイスタイム,Ice Time
女の…涙の落ちる音がした,I Heard the Sound...of a Lady's Teardrops Falling
グロッキーモンスターズ,Groggy Monsters
ロシナンテ＆ロー,Rosinante & Law
火龍大炬,Flame Dragon Torch
ステルス・ブラック,Stealth Black
アルファ,Alpha
ジニー,Ginny
指銃 黄蓮,Finger Pistol Yellow Lotus
調教してあげる♡,I'll Whip You Into Shape. ♡
エメト,Emet
黒縄・大龍巻,Black Rope Dragon Twister
ゴムゴムの鷹銃乱打,Gum-Gum Hawk Gatling
毛皮強化,Guard Point
ゴムゴムのJET銃,Gum-Gum Jet Pistol
悪魔風脚,Diable Jambe
メス,Scalpel
反発,Repel
藁備手刀,Straw Sword
砂嵐,Sables
つっぱり圧力砲,Thrust Pad Cannon
メロメロ甘風,Love-Love Mellow
大看板”災害”,"Lead Performer ""Disaster"""
無頼男爆弾,Brachio Bomber
熱息,Blast Breath
鬼ヶ島,Onigashima Island
アン,Ann
ブエナ・フェスタ,Buena Festa
Dr.インディゴ,Dr. Indigo
獅子威し御所地巻き,Lion's Threat Imperial Earth Bind
鎧合体,Union Armada
モモンガ,Momonga
衝撃波,Shockwave
大噴火,Great Eruption
ホワイト・アウト,White Out
海軍本部,Navy HQ
シャーロット・スナック,Charlotte Snack
ぺコムズ,Pekoms
ソウル・ポーカス,Soul Pocus
力餅,Power Mochi
クイーン・ママ・シャンテ号,Queen Mama Chanter
ゴムゴムの鐘,Gum-Gum Bell
ゴムゴムの銃,Gum-Gum Pistol
雨月天ぷら,Uzuki Tempura
霜月牛マル,Shimotsuki Ushimaru
風月おむすび,Fugetsu Omusubi
鳴鏑,Narikabura Arrow
ゴムゴムの巨人つっぱり,Gum-Gum Giant Sumo Slap
ゴムゴムの猿王銃乱打,Gum-Gum Kong Gatling
磁気万力,Punk Vise
逆光,Backlight
新時代,New Genesis
私は最強,I'm invincible
ロロノア・ゾロ＆サンジ,Roronoa Zoro & Sanji
ヨサク＆ジョニー,Yosaku & Johnny
リカ,Rika
エレファント・ホンマグロ,Elephant True Bluefin
パティ＆カルネ,Patty & Carne
獅子歌歌,Lion Strike
整形ショット,Plastic Surgery Shot
「火炎」竜王,Flame Dragon King
ゴムゴムのJET槍,Gum-Gum Jet Spear
3兄弟の絆,The Three Brothers' Bond
ハレダス,Haredas
ヘラクレス,Heracles
ゴムゴムの巨人の回転弾,Gum-Gum Giant Rifle
ゴムゴムの悪魔風三刀流羊肉JET六百煩悩攻城砲,Gum-Gum Diable Three-Swords Style Mouten Jet Six Hundred Pound Phoenix Cannon
仲間がいる゛よ!!!!,I Have My Crew!!
ルフィ太郎,Luffy-Tarou
ゴムゴムの白い鞭,Gum-Gum Dawn Whip
ゴムゴムのモグラ銃,Gum-Gum Mole Pistol
エース＆ニューゲート,Ace & Newgate
エルミー,Elmy
ディカルバン兄弟,Decalvan Brothers
Ａ・Ｏ,A.O.
おれァ‘‘白ひげ‘‘だァア!!!!,I Am Whitebeard!!
取り消せよ……!!!今の言葉……!!!,Take That Back!! Take Back What You Said!!
キッド＆キラー,Kid & Killer
ロー＆ベポ,Law & Bepo
クロコダイル＆ミホーク,Crocodile & Mihawk
おそばマスク,Soba Mask
フランキー将軍,General Franky
温度レアァストライク!!!,Raw Heat Strike
黄猿‼おれ達は2年前の100倍強ェぞ,Kizaru!! Compared to Two Years Ago We're a Hundred Times Stronger Now!!
死・獅子歌歌,Iai Death Lion Song
ルフィ＆エース,
"この時代の名が!!!""白ひげ""だァ!!!",
戦えるかルフィ!!!勿論だ!!!,
無茶ばっかりしやがって!!!,
冒険のにおいがするっ!!!,I Smell Adventure!!!
クラゲ海賊団,Jellyfish Pirates
海賊王に!!!おれはなるっ!!!!,I'm Gonna Be King of the Pirates!!
ウタカタララバイ,Fleeting Lullaby
風のゆくえ,Where the Wind Blows
世界のつづき,The World's Continuation
Tot Musica,Tot Musica
ホーディ＆ヒョウゾウ,Hody & Hyouzou
少女,Girl
チャカ&ペル,Chaka & Pell
2年後に!!!シャボンディ諸島で!!!,In Two Years!! At the Sabaody Archipelago!!
