Card No,Japanese,English
OP01-001,ロロノア・ゾロ,Roronoa Zoro
OP01-002,トラファルガー・ロー,Trafalgar Law
OP01-003,モンキー・D・ルフィ,Monkey.D.Luffy
OP01-004,ウソップ,Usopp
OP01-005,ウタ,Uta
OP01-006,お玉,Otama
OP01-007,カリブー,Caribou
OP01-008,キャベンディッシュ,Cavendish
OP01-009,キャロット,Carrot
OP01-010,狛ちよ,Komachiyo
OP01-011,ゴードン,Gordon
OP01-012,サイ,Sai
OP01-013,サンジ,Sanji
OP01-014,ジンベエ,Jinbe
OP01-015,トニートニー・チョッパー,Tony Tony.Chopper
OP01-016,ナミ,Nami
OP01-017,ニコ・ロビン,Nico Robin
OP01-018,ハイルディン,Hajrudin
OP01-019,バルトロメオ,Bartolomeo
OP01-020,ヒョウ五郎,Hyogoro
OP01-021,フランキー,Franky
OP01-022,ブルック,Brook
OP01-023,マルコ,Marco
OP01-024,モンキー・D・ルフィ,Monkey.D.Luffy
OP01-025,ロロノア・ゾロ,Roronoa Zoro
OP01-026,ゴムゴムの火拳銃,Gum-Gum Fire-Fist Pistol Red Hawk
OP01-027,円卓,Round Table
OP01-028,必殺緑星ラフレシア,Green Star Rafflesia
OP01-029,ラディカルビ～～～ム‼‼,Radical Beam!!
OP01-030,2年後に‼!シャボンディ諸島で!!!,In Two Years!! At the Sabaody Archipelago!!
OP01-031,光月おでん,Kouzuki Oden
OP01-032,アシュラ童子,Ashura Doji
OP01-033,イゾウ,Izo
OP01-034,イヌアラシ,Inuarashi
OP01-035,お菊,Okiku
OP01-036,お鶴,Otsuru
OP01-037,河松,Kawamatsu
OP01-038,カン十郎,Kanjuro
OP01-039,キラー,Killer
OP01-040,錦えもん,Kin'emon
OP01-041,光月モモの助,Kouzuki Momonosuke
OP01-042,小紫,Komurasaki
OP01-043,しのぶ,Shinobu
OP01-044,シャチ,Shachi
OP01-045,ジャンバール,Jean Bart
OP01-046,傳ジロー,Denjiro
OP01-047,トラファルガー・ロー,Trafalgar Law
OP01-048,ネコマムシ,Nekomamushi
OP01-049,ベポ,Bepo
OP01-050,ペンギン,Penguin
OP01-051,ユースタス・キッド,"Eustass""Captain""Kid"
OP01-052,雷ぞう,Raizo
OP01-053,ワイヤー,Wire
OP01-054,X・ドレーク,X.Drake
OP01-055,おれの”侍”になれ‼!,You Can Be My Samurai!!
OP01-056,降魔の相,Demon Face
OP01-057,桃源白滝,Paradise Waterfall
OP01-058,磁気弦,Punk Gibson
OP01-059,べべんっ‼,BE-BENG!!
OP01-060,ドンキホーテ・ドフラミンゴ,Donquixote Doflamingo
OP01-061,カイドウ,Kaido
OP01-062,クロコダイル,Crocodile
OP01-063,アーロン,Arlong
OP01-064,アルビダ,Alvida
OP01-065,ヴェルゴ,Vergo
OP01-066,クリーク,Krieg
OP01-067,クロコダイル,Crocodile
OP01-068,ゲッコー・モリア,Gecko Moria
OP01-069,シーザー・クラウン,Caesar Clown
OP01-070,ジュラキュール・ミホーク,Dracule Mihawk
OP01-071,ジンベエ,Jinbe
OP01-072,スマイリー,Smiley
OP01-073,ドンキホーテ・ドフラミンゴ,Donquixote Doflamingo
OP01-074,バーソロミュー・くま,Bartholomew Kuma
OP01-075,パシフィスタ,Pacifista
OP01-076,ベラミー,Bellamy
OP01-077,ペローナ,Perona
OP01-078,ボア・ハンコック,Boa Hancock
OP01-079,ミス・オールサンデー,Ms. All Sunday
OP01-080,ミス・ダブルフィンガー(ザラ),Miss Doublefinger(Zala)
OP01-081,モチャ,Mocha
OP01-082,モネ,Monet
OP01-083,Mr.1(ダズ・ボーネス),Mr.1(Daz.Bonez)
OP01-084,Mr.2ボン・クレー(ベンサム),Mr.2.Bon.Kurei(Bentham)
OP01-085,Mr.3(ギャルディーノ),Mr.3(Galdino)
OP01-086,超過鞭糸,Overheat
OP01-087,オフィサーエージェント,Officer Agents
OP01-088,砂漠の宝刀,Desert Spada
OP01-089,三日月形砂丘,Crescent Cutlass
OP01-090,バロックワークス,Baroque Works
OP01-091,キング,King
OP01-092,浦島,Urashima
OP01-093,うるティ,Ulti
OP01-094,カイドウ,Kaido
OP01-095,狂死郎,Kyoshirou
OP01-096,キング,King
OP01-097,クイーン,Queen
OP01-098,黒炭オロチ,Kurozumi Orochi
OP01-099,黒炭せみ丸,Kurozumi Semimaru
OP01-100,黒炭ひぐらし,Kurozumi Higurashi
OP01-101,ササキ,Sasaki
OP01-102,ジャック,Jack
OP01-103,スクラッチメン・アプー,Scratchmen Apoo
OP01-104,スピード,Speed
OP01-105,バオファン,Bao Huang
OP01-106,バジル・ホーキンス,Basil Hawkins
OP01-107,ババヌキ,Babanuki
OP01-108,人斬り鎌ぞう,Hitokiri Kamazo
OP01-109,フーズ・フー,Who's.Who
OP01-110,福ロクジュ,Fukurokuju
OP01-111,ブラックマリア,Black Maria
OP01-112,ページワン,Page One
OP01-113,ホールデム,Holedem
OP01-114,X・ドレーク,X.Drake
OP01-115,象の鼻息,Elephant's Marchoo
OP01-116,人造悪魔の実SMILE,Artificial Devil Fruit SMILE
OP01-117,シープスホーン,Sheep's Horn
OP01-118,ウル頭銃,Ulti-Mortar
OP01-119,雷鳴八卦,Thunder Bagua
OP01-120,シャンクス,Shanks
OP01-121,ヤマト,Yamato
OP02-001,エドワード・ニューゲート,Edward.Newgate
OP02-002,モンキー・D・ガープ,Monkey.D.Garp
OP02-003,アトモス,Atmos
OP02-004,エドワード・ニューゲート,Edward.Newgate
OP02-005,カーリー・ダダン,Curly.Dadan
OP02-006,キングデュー,Kingdew
OP02-007,サッチ,Thatch
OP02-008,ジョズ,Jozu
OP02-009,スクアード,Squard
OP02-010,ドグラ,Dogura
OP02-011,ビスタ,Vista
OP02-012,ブレンハイム,Blenheim
OP02-013,ポートガス・D・エース,Portgas.D.Ace
OP02-014,ホワイティベイ,Whitey Bay
OP02-015,マキノ,Makino
OP02-016,マグラ,Magura
OP02-017,マスクド・デュース,Masked Deuce
OP02-018,マルコ,Marco
OP02-019,ラクヨウ,Rakuyo
OP02-020,リトルオーズJr.,LittleOars Jr.
OP02-021,海震,Seaquake
OP02-022,白ひげ海賊団,Whitebeard Pirates
OP02-023,バカな息子をそれでも愛そう…,You May Be a Fool...but I Still Love You
OP02-024,モビー・ディック号,Moby Dick
OP02-025,錦えもん,Kin'emon
OP02-026,サンジ,Sanji
OP02-027,イヌアラシ,Inuarashi
OP02-028,ウソップ,Usopp
OP02-029,キャロット,Carrot
OP02-030,光月おでん,Kouzuki Oden
OP02-031,光月トキ,Kouzuki Toki
OP02-032,シシリアン,Shishilian
OP02-033,ジンベエ,Jinbe
OP02-034,トニートニー・チョッパー,Tony Tony.Chopper
OP02-035,トラファルガー・ロー,Trafalgar Law
OP02-036,ナミ,Nami
OP02-037,ニコ・ロビン,Nico Robin
OP02-038,ネコマムシ,Nekomamushi
OP02-039,フランキー,Franky
OP02-040,ブルック,Brook
OP02-041,モンキー・Ｄ・ルフィ,Monkey.D.Luffy
OP02-042,ヤマト,Yamato
OP02-043,ロロノア・ゾロ,Roronoa Zoro
OP02-044,ワンダ,Wanda
OP02-045,三刀流 鬼斬り,Three Sword Style Oni Giri
OP02-046,悪魔風脚 野獣肉シュート,Diable Jambe Venaison Shoot
OP02-047,桃源十拳,Paradise Totsuka
OP02-048,ワノ国,Land of Wano
OP02-049,エンポリオ・イワンコフ,Emporio.Ivankov
OP02-050,イナズマ,Inazuma
OP02-051,エンポリオ・イワンコフ,Emporio.Ivankov
OP02-052,カバジ,Cabaji
OP02-053,クロコダイル,Crocodile
OP02-054,ゲッコー・モリア,Gecko Moria
OP02-055,ジュラキュール・ミホーク,Dracule Mihawk
OP02-056,ドンキホーテ・ドフラミンゴ,Donquixote Doflamingo
OP02-057,バーソロミュー・くま,Bartholomew Kuma
OP02-058,バギー,Buggy
OP02-059,ボア・ハンコック,Boa Hancock
OP02-060,モージ,Mohji
OP02-061,モーリー,Morley
OP02-062,モンキー・Ｄ・ルフィ,Monkey.D.Luffy
OP02-063,Mr.1(ダズ・ボーネス),Mr.1(Daz.Bonez)
OP02-064,Mr.2・ボン・クレー(ベンサム),Mr.2.Bon.Kurei(Bentham)
OP02-065,Mr.3(ギャルディーノ),Mr.3(Galdino)
OP02-066,インペルダウンオールスター,Impel Down All Stars
OP02-067,唐草瓦正拳,Arabesque Brick Fist
OP02-068,ゴムゴムの雨,Gum-Gum Rain
OP02-069,DEATH WINK,DEATH WINK
OP02-070,ニューカマーランド,New Kama Land
OP02-071,マゼラン,Magellan
OP02-072,ゼット,Zephyr
OP02-073,サディちゃん,Little Sadi
OP02-074,サルデス,Saldeath
OP02-075,シキ,Shiki
OP02-076,シリュウ,Shiryu
OP02-077,ソリティア,Solitaire
OP02-078,ダイフゴー,Daifugo
OP02-079,ダグラス・バレット,Douglas Bullet
OP02-080,ドボン,Dobon
OP02-081,ドミノ,Domino
OP02-082,バーンディ・ワールド,Byrnndi World
OP02-083,ハンニャバル,Hannyabal
OP02-084,ブルゴリ,Blugori
OP02-085,マゼラン,Magellan
OP02-086,ミノコアラ,Minokoala
OP02-087,ミノタウロス,Minotaur
OP02-088,SPHINX,Sphinx
OP02-089,地獄の審判,Judgment of Hell
OP02-090,毒竜,Hydra
OP02-091,毒の道,Venom Road
OP02-092,インペルダウン,Impel Down
OP02-093,スモーカー,Smoker
OP02-094,イスカ,Isuka
OP02-095,オニグモ,Onigumo
OP02-096,クザン,Kuzan
OP02-097,コーミル,Komille
OP02-098,コビー,Koby
OP02-099,サカズキ,Sakazuki
OP02-100,ジャンゴ,Jango
OP02-101,ストロベリー,Strawberry
OP02-102,スモーカー,Smoker
OP02-103,センゴク,Sengoku
OP02-104,戦桃丸,Sentomaru
OP02-105,たしぎ,Tashigi
OP02-106,つる,Tsuru
OP02-107,ドーベルマン,Doberman
OP02-108,ドンキホーテ・ロシナンテ,Donquixote Rosinante
OP02-109,ハグワール・D・サウロ,Jaguar.D.Saul
OP02-110,ヒナ,Hina
OP02-111,フルボディ,Fullbody
OP02-112,ベルメール,Bell-mère
OP02-113,ヘルメッポ,Helmeppo
OP02-114,ボルサリーノ,Borsalino
OP02-115,モンキー・D・ガープ,Monkey.D.Garp
OP02-116,ヤマカジ,Yamakaji
OP02-117,氷河時代,Ice Age
OP02-118,八尺瓊勾玉,Yasakani Sacred Jewel
OP02-119,流星火山,Meteor Volcano
OP02-120,ウタ,Uta
OP02-121,クザン,Kuzan
OP03-001,ポートガス・D・エース,Portgas.D.Ace
OP03-002,アディオ,Adio
OP03-003,イゾウ,Izo
OP03-004,クリエル,Curiel
OP03-005,サッチ,Thatch
OP03-006,スピード・ジル,Speed Jil
OP03-007,ナミュール,Namule
OP03-008,バギー,Buggy
OP03-009,ハルタ,Haruta
OP03-010,フォッサ,Fossa
OP03-011,ブラメンコ,Blamenco
OP03-012,マーシャル・D・ティーチ,Marshall.D.Teach
OP03-013,マルコ,Marco
OP03-014,モンキー・D・ガープ,Monkey.D.Garp
OP03-015,リム,Lim
OP03-016,炎帝,Flame Emperor
OP03-017,十字火,Cross Fire
OP03-018,火拳,Fire Fist
OP03-019,火達磨,Fiery Doll
OP03-020,ストライカー,Striker
OP03-021,クロ,Kuro
OP03-022,アーロン,Arlong
OP03-023,アルビダ,Alvida
OP03-024,ギン,Gin
OP03-025,クリーク,Krieg
OP03-026,クロオビ,Kuroobi
OP03-027,シャム,Sham
OP03-028,ジャンゴ,Jango
OP03-029,チュウ,Chew
OP03-030,ナミ,Nami
OP03-031,パール,Pearl
OP03-032,バギー,Buggy
OP03-033,はっちゃん,Hatchan
OP03-034,ブチ,Buchi
OP03-035,モーム,Momoo
OP03-036,杓死,Out-of-the-Bag
OP03-037,歯ガム,Tooth Attack
OP03-038,猛毒ガス弾『M・H・５』,Deathly Poison Gas Bomb MH5
OP03-039,ワン・ツー・ジャンゴ,"One, Two, Jango"
OP03-040,ナミ,Nami
OP03-041,ウソップ,Usopp
OP03-042,ウソップ海賊団,Usopp's Pirate Crew
OP03-043,ガイモン,Gaimon
OP03-044,カヤ,Kaya
OP03-045,カルネ,Carne
OP03-046,ゲンゾウ,Genzo
OP03-047,ゼフ,Zeff
OP03-048,ノジコ,Nojiko
OP03-049,パティ,Patty
OP03-050,ブードル,Boodle
OP03-051,ベルメール,Bell-mère
OP03-052,メリー,Merry
OP03-053,ヨサク&ジョニー,Yosaku & Johnny
OP03-054,ウソーーップ輪ごーむっ!!!,Usopp's Rubber Band of Doom!!!
OP03-055,ゴムゴムの大槌,Gum-Gum Giant Gavel
OP03-056,サンジのピラフ,Sanji's Pilaf
OP03-057,三・千・世・界,Three Thousand Worlds
OP03-058,アイスバーグ,Iceburg
OP03-059,カク,Kaku
OP03-060,カリファ,Kalifa
OP03-061,キウイ&モズ,Kiwi & Mozu
OP03-062,ココロ,Kokoro
OP03-063,ザンバイ,Zambai
OP03-064,タイルストン,Tilestone
OP03-065,チムニー＆ゴンベ,Chimney & Gonbe
OP03-066,パウリー,Paulie
OP03-067,ピープリー・ルル,Peepley Lulu
OP03-068,ミノゼブラ,Minozebra
OP03-069,ミノリノケロス,Minorhinoceros
OP03-070,モンキー・D・ルフィ,Monkey.D.Luffy
OP03-071,ロブ・ルッチ,Rob Lucci
OP03-072,ゴムゴムのJET銃乱打,Gum-Gum Jet Gatling
OP03-073,船底解体斬り,Hull Dismantler Slash
OP03-074,独楽結び,Top Knot
OP03-075,ガレーラカンパニー,Galley-La Company
OP03-076,ロブ・ルッチ,Rob Lucci
OP03-077,シャーロット・リンリン,Charlotte Linlin
OP03-078,イッショウ,Issho
OP03-079,ヴェルゴ,Vergo
OP03-080,カク,Kaku
OP03-081,カリファ,Kalifa
OP03-082,クマドリ,Kumadori
OP03-083,コーギー,Corgy
OP03-084,ジェリー,Jerry
OP03-085,ジャブラ,Jabra
OP03-086,スパンダム,Spandam
OP03-087,ネロ,Nero
OP03-088,フクロウ,Fukurou
OP03-089,ブランニュー,Brannew
OP03-090,ブルーノ,Blueno
OP03-091,ヘルメッポ,Helmeppo
OP03-092,ロブ・ルッチ,Rob Lucci
OP03-093,ワンゼ,Wanze
OP03-094,空気開扉,Air Door
OP03-095,石鹼羊,Soap Sheep
OP03-096,嵐脚 周断,Tempest Kick Sky Slicer
OP03-097,六王銃,Six King Pistol
OP03-098,エニエス・ロビー,Enies Lobby
OP03-099,シャーロット・カタクリ,Charlotte Katakuri
OP03-100,キングバーム,Kingbaum
OP03-101,ケイミー,Camie
OP03-102,サンジ,Sanji
OP03-103,始末屋ボビン,Bobbin the Disposer
OP03-104,シャーリー,Shirley
OP03-105,シャーロット・オーブン,Charlotte Oven
OP03-106,シャーロット・オペラ,Charlotte Opera
OP03-107,シャーロット・ガレット,Charlotte Galette
OP03-108,シャーロット・クラッカー,Charlotte Cracker
OP03-109,シャーロット・シフォン,Charlotte Chiffon
OP03-110,シャーロット・スムージー,Charlotte Smoothie
OP03-111,シャーロット・プラリネ,Charlotte Praline
OP03-112,シャーロット・プリン,Charlotte Pudding
OP03-113,シャーロット・ペロスペロー,Charlotte Perospero
OP03-114,シャーロット・リンリン,Charlotte Linlin
OP03-115,シュトロイゼン,Streusen
OP03-116,しらほし,Shirahoshi
OP03-117,ナポレオン,Napoleon
OP03-118,威国,Ikoku Sovereignty
OP03-119,斬・切・餅,Buzz Cut Mochi
OP03-120,熱海温泉,Tropical Torment
OP03-121,雷霆,Thunder Bolt
OP03-122,そげキング,Sogeking
OP03-123,シャーロット・カタクリ,Charlotte Katakuri
OP04-001,ネフェルタリ・ビビ,Nefeltari Vivi
OP04-002,イガラム,Igaram
OP04-003,ウソップ,Usopp
OP04-004,カルー,Karoo
OP04-005,クンフージュゴン,Kung Fu Jugon
OP04-006,コーザ,Koza
OP04-007,サンジ,Sanji
OP04-008,チャカ,Chaka
OP04-009,超カルガモ部隊,Super Spot-Billed Duck Troops
OP04-010,トニートニー・チョッパー,Tony Tony.Chopper
OP04-011,ナミ,Nami
OP04-012,ネフェルタリ・コブラ,Nefeltari Cobra
OP04-013,ペル,Pell
OP04-014,モンキー・D・ルフィ,Monkey.D.Luffy
OP04-015,ロロノア・ゾロ,Roronoa Zoro
OP04-016,反行儀キックコース,Bad Manners Kick Course
OP04-017,幸せパンチ,Happiness Punch
OP04-018,魅惑のメマーイダンス,Enchanting Vertigo Dance
OP04-019,ドンキホーテ・ドフラミンゴ,Donquixote Doflamingo
OP04-020,イッショウ,Issho
OP04-021,ヴィオラ,Viola
OP04-022,エリック,Eric
OP04-023,クロ,Kuro
OP04-024,シュガー,Sugar
OP04-025,ジョーラ,Giolla
OP04-026,セニョール・ピンク,Senor Pink
OP04-027,ダディ・マスターソン,Daddy Masterson
OP04-028,ディアマンテ,Diamante
OP04-029,デリンジャー,Dellinger
OP04-030,トレーボル,Trebol
OP04-031,ドンキホーテ・ドフラミンゴ,Donquixote Doflamingo
OP04-032,ベビー5,Baby 5
OP04-033,マッハバイス,Machvise
OP04-034,ラオG,Lao.G
OP04-035,蜘蛛の巣がき,Spiderweb
OP04-036,ドンキホーテファミリー,Donquixote Family
OP04-037,羽撃糸,Flapping Thread
OP04-038,弱ェ奴は死に方も選べねェ!!!,The Weak Do Not Have the Right to Choose How They Die!!!
OP04-039,レベッカ,Rebecca
OP04-040,クイーン,Queen
OP04-041,アピス,Apis
OP04-042,いっぽんマツ,Ipponmatsu
OP04-043,うるティ,Ulti
OP04-044,カイドウ,Kaido
OP04-045,キング,King
OP04-046,クイーン,Queen
OP04-047,氷鬼,Ice Oni
OP04-048,ササキ,Sasaki
OP04-049,ジャック,Jack
OP04-050,ハンガーさん,Hanger
OP04-051,フーズ・フー,Who's.Who
OP04-052,ブラックマリア,Black Maria
OP04-053,ページワン,Page One
OP04-054,六鬼,Rokki
OP04-055,疫災弾,Plague Rounds
OP04-056,ゴムゴムの業火拳銃,Gum-Gum Red Roc
OP04-057,龍巻壊風,Dragon Twister Demolition Breath
OP04-058,クロコダイル,Crocodile
OP04-059,アイスバーグ,Iceburg
OP04-060,クロコダイル,Crocodile
OP04-061,トム,Tom
OP04-062,バナナワニ,Bananagator
OP04-063,フランキー,Franky
OP04-064,ミス・オールサンデー,Ms. All Sunday
OP04-065,ミス・ゴールデンウィーク(マリアンヌ),Miss.Goldenweek(Marianne)
OP04-066,ミス・バレンタイン(ミキータ),Miss.Valentine(Mikita)
OP04-067,ミス・メリークリスマス(ドロフィー),Miss.MerryChristmas(Drophy)
OP04-068,ヨコヅナ,Yokozuna
OP04-069,Mｒ.2・ボン・クレー(ベンサム),Mr.2.Bon.Kurei(Bentham)
OP04-070,Mr.3(ギャルディーノ),Mr.3(Galdino)
OP04-071,Mr.4(ベーブ),Mr.4(Babe)
OP04-072,Mr.5(ジェム),Mr.5(Gem)
OP04-073,Mr.13&ミス・フライデー,Mr.13 & Ms.Friday
OP04-074,カラーズトラップ,Colors Trap
OP04-075,鼻空想砲,Nez-Palm Cannon
OP04-076,弱ェってのは…罪なもんだ…,Weakness...Is an Unforgivable Sin.
OP04-077,イデオ,Ideo
OP04-078,オイモ&カーシー,Oimo & Kashii
OP04-079,オオロンブス,Orlumbus
OP04-080,ギャッツ,Gyats
OP04-081,キャベンディッシュ,Cavendish
OP04-082,キュロス,Kyros
OP04-083,サボ,Sabo
OP04-084,ステューシー,Stussy
OP04-085,スレイマン,Suleiman
OP04-086,チンジャオ,Chinjao
OP04-087,トラファルガー・ロー,Trafalgar Law
OP04-088,ハイルディン,Hajrudin
OP04-089,バルトロメオ,Bartolomeo
OP04-090,モンキー・D・ルフィ,Monkey.D.Luffy
OP04-091,レオ,Leo
OP04-092,レベッカ,Rebecca
OP04-093,ゴムゴムの大猿王銃,Gum-Gum King Kong Gun
OP04-094,雷の破壊剣,Trueno Bastardo
OP04-095,バ～～～～リアッ!!,Barrier!!
OP04-096,コリーダコロシアム,Corrida Coliseum
OP04-097,お玉,Otama
OP04-098,おトコ,Toko
OP04-099,おリン,Olin
OP04-100,カポネ・ベッジ,"Capone""Gang""Bege"
OP04-101,カルメル,Carmel
OP04-102,錦えもん,Kin'emon
OP04-103,光月日和,Kouzuki Hiyori
OP04-104,サンジ,Sanji
OP04-105,シャーロット・アマンド,Charlotte Amande
OP04-106,シャーロット・ババロア,Charlotte Bavarois
OP04-107,シャーロット・ペロスペロー,Charlotte Perospero
OP04-108,シャーロット・モスカート,Charlotte Moscato
OP04-109,トの康,Tonoyasu
OP04-110,パウンド,Pound
OP04-111,ヘラ,Hera
OP04-112,ヤマト,Yamato
OP04-113,ラビヤン,Rabiyan
OP04-114,ランドルフ,Randolph
OP04-115,銃・擬鬼,Gun Modoki
OP04-116,悪魔風脚 ほほ肉シュート,Diable Jambe Joue Shot
OP04-117,天上の火,Heavenly Fire
OP04-118,ネフェルタリ・ビビ,Nefeltari Vivi
OP04-119,ドンキホーテ・ロシナンテ,Donquixote Rosinante
OP05-001,サボ,Sabo
OP05-002,ベロ・ベティ,Belo Betty
OP05-003,イナズマ,Inazuma
OP05-004,エンポリオ・イワンコフ,Emporio.Ivankov
OP05-005,カラス,Karasu
OP05-006,コアラ,Koala
OP05-007,サボ,Sabo
OP05-008,チャカ,Chaka
OP05-009,トト,Toh-Toh
OP05-010,ニコ・ロビン,Nico Robin
OP05-011,バーソロミュー・くま,Bartholomew Kuma
OP05-012,ハック,Hack
OP05-013,バニー・ジョー,Bunny Joe
OP05-014,ペル,Pell
OP05-015,ベロ・ベティ,Belo Betty
OP05-016,モーリー,Morley
OP05-017,リンドバーグ,Lindbergh
OP05-018,エンポリオ・テンションホルモン,Emporio Energy Hormone
OP05-019,火拳,Fire Fist
OP05-020,四千枚瓦正拳,Four Thousand-Brick Fist
OP05-021,革命軍総本部,Revolutionary Army HQ
OP05-022,ドンキホーテ・ロシナンテ,Donquixote Rosinante
OP05-023,ヴェルゴ,Vergo
OP05-024,キュイーン,Kuween
OP05-025,グラディウス,Gladius
OP05-026,サーキース,Sarquiss
OP05-027,トラファルガー・ロー,Trafalgar Law
OP05-028,ドンキホーテ・ドフラミンゴ,Donquixote Doflamingo
OP05-029,ドンキホーテ・ドフラミンゴ,Donquixote Doflamingo
OP05-030,ドンキホーテ・ロシナンテ,Donquixote Rosinante
OP05-031,バッファロー,Buffalo
OP05-032,ピーカ,Pica
OP05-033,ベビー５,Baby 5
OP05-034,ベビー５,Baby 5
OP05-035,ベラミー,Bellamy
OP05-036,モネ,Monet
OP05-037,勝者だけが正義だ!!!!,Because the Side of Justice Will Be Whichever Side Wins!!
OP05-038,舞踏石,Charlestone
OP05-039,ベタベットン流星,Stick-Stickem Meteora
OP05-040,鳥カゴ,Birdcage
OP05-041,サカズキ,Sakazuki
OP05-042,イッショウ,Issho
OP05-043,うるティ,Ulti
OP05-044,ジョン・ジャイアント,John Giant
OP05-045,ステンレス,Stainless
OP05-046,ダルメシアン,Dalmatian
OP05-047,バジル・ホーキンス,Basil Hawkins
OP05-048,バスティーユ,Bastille
OP05-049,八茶,Haccha
OP05-050,ヒナ,Hina
OP05-051,ボルサリーノ,Borsalino
OP05-052,メイナード,Maynard
OP05-053,モザンビア,Mozambia
OP05-054,モンキー・D・ガープ,Monkey.D.Garp
OP05-055,X・ドレーク,X.Drake
OP05-056,X・バレルズ,X.Barrels
OP05-057,犬噛紅蓮,Hound Blaze
OP05-058,命がも゛ったいだいっ!!!!,It's a Waste of Human Life!!
OP05-059,始めよう”暴力の世界”!!!,Let Us Begin the World of Violence!!!
OP05-060,モンキー・D・ルフィ,Monkey.D.Luffy
OP05-061,ウソ八,Uso-Hachi
OP05-062,おナミ,O-Nami
OP05-063,おロビ,O-Robi
OP05-064,キラー,Killer
OP05-065,サン五郎,San-Gorou
OP05-066,ジンベエ,Jinbe
OP05-067,ゾロ十郎,Zoro-Juurou
OP05-068,チョパえもん,Chopa-Emon
OP05-069,トラファルガー・ロー,Trafalgar Law
OP05-070,フラの介,Fra-Nosuke
OP05-071,ベポ,Bepo
OP05-072,ホネ吉,Hone-Kichi
OP05-073,ミス・ダブルフィンガー(ザラ),Miss Doublefinger(Zala)
OP05-074,ユースタス・キッド,"Eustass""Captain""Kid"
OP05-075,Mr.1(ダズ・ボーネス),Mr.1(Daz.Bonez)
OP05-076,海は海賊が相手だ!!!,When You're at Sea You Fight against Pirates!!
OP05-077,ガンマナイフ,Gamma Knife
OP05-078,磁気魔人,Punk Rotten
OP05-079,ヴィオラ,Viola
OP05-080,エリザベローⅡ世,Elizabello II
OP05-081,片足の兵隊,One-Legged Toy Soldier
OP05-082,しらほし,Shirahoshi
OP05-083,ステリー,Sterry
OP05-084,チャルロス聖,Saint Charlos
OP05-085,ネフェルタリ・コブラ,Nefeltari Cobra
OP05-086,ネフェルタリ・ビビ,Nefeltari Vivi
OP05-087,ハクバ,Hakuba
OP05-088,マンシェリー,Mansherry
OP05-089,ミョスガルド聖,Saint Mjosgard
OP05-090,リク・ドルド3世,Riku Doldo III
OP05-091,レベッカ,Rebecca
OP05-092,ロズワード聖,Saint Rosward
OP05-093,ロブ・ルッチ,Rob Lucci
OP05-094,高級仕立パッチ★ワーク,Haute Couture Patch★Work
OP05-095,竜の鉤爪,Dragon Claw
OP05-096,5億で買うえ～～!!!,I Bid 500 Million!!
OP05-097,聖地マリージョア,Mary Geoise
OP05-098,エネル,Enel
OP05-099,アマゾン,Amazon
OP05-100,エネル,Enel
OP05-101,オーム,Ohm
OP05-102,ゲダツ,Gedatsu
OP05-103,コトリ,Kotori
OP05-104,コニス,Conis
OP05-105,サトリ,Satori
OP05-106,シュラ,Shura
OP05-107,スペーシー中尉,Lieutenant Spacey
OP05-108,ノラ,Nola
OP05-109,パガヤ,Pagaya
OP05-110,ホーリー,Holly
OP05-111,ホトリ,Hotori
OP05-112,マッキンリー隊長,Captain McKinley
OP05-113,ヤマ,Yama
OP05-114,神の裁き,El Thor
OP05-115,2億V雷神,Two-Hundred Million Volts Amaru
OP05-116,3000万V雷鳥,Hino Bird Zap
OP05-117,アッパーヤード,Upper Yard
OP05-118,カイドウ,Kaido
OP05-119,モンキー・D・ルフィ,Monkey.D.Luffy
OP06-001,ウタ,Uta
OP06-002,イナズマ,Inazuma
OP06-003,エンポリオ・イワンコフ,Emporio.Ivankov
OP06-004,オマツリ男爵,Baron Omatsuri
OP06-005,ガスパーデ,Gasparde
OP06-006,サガ,Saga
OP06-007,シャンクス,Shanks
OP06-008,シュナイダー,Schneider
OP06-009,シュライヤ,Shuraiya
OP06-010,ダグラス・バレット,Douglas Bullet
OP06-011,トットムジカ,Tot Musica
OP06-012,ベアキング,Bear.King
OP06-013,モンキー・D・ルフィ,Monkey.D.Luffy
OP06-014,ラチェット,Ratchet
OP06-015,リリーカーネーション,Lily Carnation
OP06-016,レイズ・マックス,Raise Max
OP06-017,恋のメテオストライク,Meteor-Strike of Love
OP06-018,ゴムゴムの大猿王銃乱打,Gum-Gum King Kong Gatling
OP06-019,青龍印 流水,Blue Dragon Seal Water Stream
OP06-020,ホーディ・ジョーンズ,Hody Jones
OP06-021,ペローナ,Perona
OP06-022,ヤマト,Yamato
OP06-023,アーロン,Arlong
OP06-024,イカロス・ムッヒ,Ikaros Much
OP06-025,ケイミー,Camie
OP06-026,コウシロウ,Koushirou
OP06-027,ジャイロ,Gyro
OP06-028,ゼオ,Zeo
OP06-029,ダルマ,Daruma
OP06-030,ドスン,Dosun
OP06-031,はっちゃん,Hatchan
OP06-032,ハモンド,Hammond
OP06-033,バンダー・デッケン九世,Vander Decken IX
OP06-034,ヒョウゾウ,Hyouzou
OP06-035,ホーディ・ジョーンズ,Hody Jones
OP06-036,リューマ,Ryuma
OP06-037,ワダツミ,Wadatsumi
OP06-038,一大・三千・大千・世界,The Billion-fold World Trichiliocosm
OP06-039,お前じゃ退屈凌ぎにもなりゃしねェ!!!,You Ain't Even Worth Killing Time!!
OP06-040,矢武鮫,Shark Arrows
OP06-041,方舟ノア,The Ark Noah
OP06-042,ヴィンスモーク・レイジュ,Vinsmoke Reiju
OP06-043,アラマキ,Aramaki
OP06-044,ギオン,Gion
OP06-045,クザン,Kuzan
OP06-046,サカズキ,Sakazuki
OP06-047,シャーロット・プリン,Charlotte Pudding
OP06-048,ゼフ,Zeff
OP06-049,センゴク,Sengoku
OP06-050,たしぎ,Tashigi
OP06-051,つる,Tsuru
OP06-052,トキカケ,Tokikake
OP06-053,ハグワール・D・サウロ,Jaguar.D.Saul
OP06-054,ボルサリーノ,Borsalino
OP06-055,モンキー・D・ガープ,Monkey.D.Garp
OP06-056,天叢雲剣,Ama no Murakumo Sword
OP06-057,おれは女の涙を疑わねェっ!!!!,But I Will Never Doubt a Woman's Tears!!!!
OP06-058,重力刀 猛虎,Gravity Blade Raging Tiger
OP06-059,ホワイトスネーク,White Snake
OP06-060,ヴィンスモーク・イチジ,Vinsmoke Ichiji
OP06-061,ヴィンスモーク・イチジ,Vinsmoke Ichiji
OP06-062,ヴィンスモーク・ジャッジ,Vinsmoke Judge
OP06-063,ヴィンスモーク・ソラ,Vinsmoke Sora
OP06-064,ヴィンスモーク・ニジ,Vinsmoke Niji
OP06-065,ヴィンスモーク・ニジ,Vinsmoke Niji
OP06-066,ヴィンスモーク・ヨンジ,Vinsmoke Yonji
OP06-067,ヴィンスモーク・ヨンジ,Vinsmoke Yonji
OP06-068,ヴィンスモーク・レイジュ,Vinsmoke Reiju
OP06-069,ヴィンスモーク・レイジュ,Vinsmoke Reiju
OP06-070,エルドラゴ,Eldoraggo
OP06-071,ギルド・テゾーロ,Gild Tesoro
OP06-072,コゼット,Cosette
OP06-073,シキ,Shiki
OP06-074,ゼファー,Zephyr (Navy)
OP06-075,バトラー伯爵,Count Battler
OP06-076,人斬り鎌ぞう,Hitokiri Kamazo
OP06-077,混色バグ,Black Bug
OP06-078,GERMA 66,GERMA 66
OP06-079,ジェルマ王国,Kingdom of GERMA
OP06-080,ゲッコー・モリア,Gecko Moria
OP06-081,アブサロム,Absalom
OP06-082,犬っぺ,Inuppe
OP06-083,オーズ,Oars
OP06-084,風のジゴロウ,Jigoro of the Wind
OP06-085,クマシー,Kumacy
OP06-086,ゲッコー・モリア,Gecko Moria
OP06-087,ケルベロス,Cerberus
OP06-088,サイ,Sai
OP06-089,タララン,Taralan
OP06-090,ドクトル・ホグバック,Dr. Hogback
OP06-091,ビクトリア・シンドリー,Victoria Cindry
OP06-092,ブルック,Brook
OP06-093,ペローナ,Perona
OP06-094,ローラ,Lola
OP06-095,影の集合地,Shadows Asgard
OP06-096,…なにも!!!な゛かった…!!!!,...Nothing...at All!!!
OP06-097,ネガティブホロウ,Negative Hollow
OP06-098,スリラーバーク,Thriller Bark
OP06-099,アイサ,Aisa
OP06-100,イヌアラシ,Inuarashi
OP06-101,おナミ,O-Nami
OP06-102,カマキリ,Kamakiri
OP06-103,河松,Kawamatsu
OP06-104,菊之丞,Kikunojo
OP06-105,ゲンボウ,Genbo
OP06-106,光月日和,Kouzuki Hiyori
OP06-107,光月モモの助,Kouzuki Momonosuke
OP06-108,天狗山飛徹,Tenguyama Hitetsu
OP06-109,傳ジロー,Denjiro
OP06-110,ネコマムシ,Nekomamushi
OP06-111,ブラハム,Braham
OP06-112,雷ぞう,Raizo
OP06-113,ラキ,Raki
OP06-114,ワイパー,Wyper
OP06-115,お前が消えろ,You're the One Who Should Disappear.
OP06-116,排撃,Reject
OP06-117,方舟マクシム,The Ark Maxim
OP06-118,ロロノア・ゾロ,Roronoa Zoro
OP06-119,サンジ,Sanji
OP07-001,モンキー・D・ドラゴン,Monkey.D.Dragon
OP07-002,アイン,Ain
OP07-003,アウトルック3世,Outlook III
OP07-004,カーリー・ダダン,Curly.Dadan
OP07-005,カリーナ,Carina
OP07-006,ステリー,Sterry
OP07-007,ダイス,Dice
OP07-008,タナカさん,Mr. Tanaka
OP07-009,ドグラ＆マグラ,Dogura & Magura
OP07-010,バカラ,Baccarat
OP07-011,ブルージャム,Bluejam
OP07-012,ポルシェーミ,Porchemy
OP07-013,マスクド・デュース,Masked Deuce
OP07-014,モーダ,Moda
OP07-015,モンキー・D・ドラゴン,Monkey.D.Dragon
OP07-016,銀河・WINK,Galaxy Wink
OP07-017,竜の息吹,Dragon Breath
OP07-018,KEEP OUT,KEEP OUT
OP07-019,ジュエリー・ボニー,Jewelry Bonney
OP07-020,アラディン,Aladine
OP07-021,ウルージ,Urouge
OP07-022,お玉,Otama
OP07-023,カリブー,Caribou
OP07-024,コアラ,Koala
OP07-025,コリブー,Coribou
OP07-026,ジュエリー・ボニー,Jewelry Bonney
OP07-027,ジンベエ,Jinbe
OP07-028,スクラッチメン・アプー,Scratchmen Apoo
OP07-029,バジル・ホーキンス,Basil Hawkins
OP07-030,パッパグ,Pappag
OP07-031,バルトロメオ,Bartolomeo
OP07-032,フィッシャー・タイガー,Fisher Tiger
OP07-033,モンキー・D・ルフィ,Monkey.D.Luffy
OP07-034,ロロノア・ゾロ,Roronoa Zoro
OP07-035,因果晒し,Karmic Punishment
OP07-036,鬼気 九刀流 阿修羅 魔九閃,Demonic Aura Nine-Sword Style Asura Demon Nine Flash
OP07-037,ピザお～か～わ～り～!!!,More Pizza!!
OP07-038,ボア・ハンコック,Boa Hancock
OP07-039,エドワード・ウィーブル,Edward Weevil
OP07-040,クロコダイル,Crocodile
OP07-041,グロリオーサ(ニョン婆),Gloriosa (Grandma Nyon)
OP07-042,ゲッコー・モリア,Gecko Moria
OP07-043,サロメ,Salome
OP07-044,ジュラキュール・ミホーク,Dracule Mihawk
OP07-045,ジンベエ,Jinbe
OP07-046,センゴク,Sengoku
OP07-047,トラファルガー・ロー,Trafalgar Law
OP07-048,ドンキホーテ・ドフラミンゴ,Donquixote Doflamingo
OP07-049,バッキン,Buckin
OP07-050,ボア・サンダーソニア,Boa Sandersonia
OP07-051,ボア・ハンコック,Boa Hancock
OP07-052,ボア・マリーゴールド,Boa Marigold
OP07-053,ポートガス・D・エース,Portgas.D.Ace
OP07-054,マーガレット,Marguerite
OP07-055,蛇ダンス,Snake Dance
OP07-056,虜の矢,Slave Arrow
OP07-057,芳香脚,Perfume Femur
OP07-058,女ヶ島,Island of Women
OP07-059,フォクシー,Foxy
OP07-060,イトミミズ,Itomimizu
OP07-061,ヴィンスモーク・サンジ,Vinsmoke Sanji
OP07-062,ヴィンスモーク・レイジュ,Vinsmoke Reiju
OP07-063,カポーティ,Capote
OP07-064,サンジ,Sanji
OP07-065,ジーナ,Gina
OP07-066,トニートニー・チョッパー,Tony Tony.Chopper
OP07-067,トンジット,Tonjit
OP07-068,ハンバーグ,Hamburg
OP07-069,ピクルス,Pickles
OP07-070,ビッグパン,Big Bun
OP07-071,フォクシー,Foxy
OP07-072,ポルチェ,Porche
OP07-073,モンキー・D・ルフィ,Monkey.D.Luffy
OP07-074,モンダ,Monda
OP07-075,ノロノロビ～～～～ム,Slow-Slow Beam
OP07-076,ノロノロビームソード,Slow-Slow Beam Sword
OP07-077,"""ひとつなぎの大秘宝""を獲りに行くぞ!!!",We're Going to Claim the One Piece!!!
OP07-078,メガトン九尾ラッシュ,Megaton Nine-Tails Rush
OP07-079,ロブ・ルッチ,Rob Lucci
OP07-080,カク,Kaku
OP07-081,カリファ,Kalifa
OP07-082,キャプテン・ジョン,Captain John
OP07-083,ゲッコー・モリア,Gecko Moria
OP07-084,ジスモンダ,Gismonda
OP07-085,ステューシー,Stussy
OP07-086,スパンダム,Spandam
OP07-087,バスカビル,Baskerville
OP07-088,ハットリ,Hattori
OP07-089,マハ,Maha
OP07-090,モルガンズ,Morgans
OP07-091,モンキー・D・ルフィ,Monkey.D.Luffy
OP07-092,ヨセフ,Joseph
OP07-093,ロブ・ルッチ,Rob Lucci
OP07-094,剃,Shave
OP07-095,鉄塊,Iron Body
OP07-096,嵐脚,Tempest Kick
OP07-097,ベガパンク,Vegapunk
OP07-098,アトラス,Atlas
OP07-099,ウソップ,Usopp
OP07-100,エジソン,Edison
OP07-101,シャカ,Shaka
OP07-102,ジンベエ,Jinbe
OP07-103,トニートニー・チョッパー,Tony Tony.Chopper
OP07-104,ニコ・ロビン,Nico Robin
OP07-105,ピタゴラス,Pythagoras
OP07-106,フザ,Fuza
OP07-107,フランキー,Franky
OP07-108,ベガフォースワン,Vega Force 01
OP07-109,モンキー・D・ルフィ,Monkey.D.Luffy
OP07-110,ヨーク,York
OP07-111,リリス,Lilith
OP07-112,ルーシー,Lucy
OP07-113,ロロノア・ゾロ,Roronoa Zoro
OP07-114,世界最大の頭脳を持つ男,He Possesses the World's Most Brilliant Mind
OP07-115,助けてクエーサ～!!!,I Re-Quasar Helllp!!
OP07-116,焔裂き,Blaze Slice
OP07-117,エッグヘッド,Egghead
OP07-118,サボ,Sabo
OP07-119,ポートガス・D・エース,Portgas.D.Ace
OP08-001,トニートニー・チョッパー,Tony Tony.Chopper
OP08-002,マルコ,Marco
OP08-003,イッシー20,Twenty Doctors
OP08-004,クロマーリモ,Kuromarimo
OP08-005,チェス,Chess
OP08-006,チェスマーリモ,Chessmarimo
OP08-007,トニートニー・チョッパー,Tony Tony.Chopper
OP08-008,ドルトン,Dalton
OP08-009,ネギ熊まりあ,Maria Onion Bear
OP08-010,ハイキングベア,Hiking Bear
OP08-011,ムッシュール,Musshuru
OP08-012,ラパーン,Lapins
OP08-013,ロブソン,Robson
OP08-014,ワポル,Wapol
OP08-015,Dr.くれは,Dr.Kureha
OP08-016,Dr.ヒルルク,Dr.Hiriluk
OP08-017,おれは決して お前を撃たねェ!!!!,I'd Never Shoot You!!!!
OP08-018,刻蹄『桜』,Cloven Rose
OP08-019,バクバク食,Munch-Munch Mutation
OP08-020,ドラム王国,Drum Kingdom
OP08-021,キャロット,Carrot
OP08-022,イヌアラシ,Inuarashi
OP08-023,キャロット,Carrot
OP08-024,コンスロット,Concelot
OP08-025,シシリアン,Shishilian
OP08-026,ジョバンニ,Giovanni
OP08-027,トリスタン,Tristan
OP08-028,ネコマムシ,Nekomamushi
OP08-029,ペコムズ,Pekoms
OP08-030,ペドロ,Pedro
OP08-031,ミヤギ,Miyagi
OP08-032,ミルキー,Milky
OP08-033,ロディ,Roddy
OP08-034,ワンダ,Wanda
OP08-035,BB,BB
OP08-036,エレクトリカルルナ,Electrical Luna
OP08-037,ガルチュー,Garchu
OP08-038,敵に“仲間”は売らんぜよ!!!,We Would Never Sell a Comrade to an Enemy!!!
OP08-039,ゾウ,Zou
OP08-040,アトモス,Atmos
OP08-041,アフェランドラ,Aphelandra
OP08-042,エドワード・ウィーブル,Edward Weevil
OP08-043,エドワード・ニューゲート,Edward.Newgate
OP08-044,キングデュー,Kingdew
OP08-045,サッチ,Thatch
OP08-046,シャクヤク,Shakuyaku
OP08-047,ジョズ,Jozu
OP08-048,スイトピー,Sweetpea
OP08-049,スピード・ジル,Speed Jil
OP08-050,ナミュール,Namule
OP08-051,バッキン,Buckin
OP08-052,ポートガス・D・エース,Portgas.D.Ace
OP08-053,愛してくれて………ありがとう!!!,Thank You...for Loving Me!!
OP08-054,いきなり“キング”は取れねェだろうよい,You Can't Take Our King This Early in the Game.
OP08-055,鳳凰印,Phoenix Brand
OP08-056,モビー・ディック号,Moby Dick
OP08-057,キング,King
OP08-058,シャーロット・プリン,Charlotte Pudding
OP08-059,アルベル,Alber
OP08-060,キング,King
OP08-061,シャーロット・オーブン,Charlotte Oven
OP08-062,シャーロット・カタクリ,Charlotte Katakuri
OP08-063,シャーロット・カタクリ,Charlotte Katakuri
OP08-064,シャーロット・クラッカー,Charlotte Cracker
OP08-065,シャーロット・スムージー,Charlotte Smoothie
OP08-066,シャーロット・ブリュレ,Charlotte Brulee
OP08-067,シャーロット・プリン,Charlotte Pudding
OP08-068,シャーロット・ペロスペロー,Charlotte Perospero
OP08-069,シャーロット・リンリン,Charlotte Linlin
OP08-070,タマゴ男爵,Baron Tamago
OP08-071,ニワトリ伯爵,Count Niwatori
OP08-072,ビスケット兵,Biscuit Warrior
OP08-073,ヒヨコ子爵,Viscount Hiyoko
OP08-074,ブラックマリア,Black Maria
OP08-075,キャンディメイデン,Candy Maiden
OP08-076,しぬほど…おいしい♡,It's to Die For...
OP08-077,覇海,Conquest of the Sea
OP08-078,うるティ,Ulti
OP08-079,カイドウ,Kaido
OP08-080,クイーン,Queen
OP08-081,ゲルニカ,Guernica
OP08-082,ササキ,Sasaki
OP08-083,シープスヘッド,Sheepshead
OP08-084,ジャック,Jack
OP08-085,ジンベエ,Jinbe
OP08-086,ジンラミー,Ginrummy
OP08-087,スクラッチメン・アプー,Scratchmen Apoo
OP08-088,デュバル,Duval
OP08-089,バジル・ホーキンス,Basil Hawkins
OP08-090,ハムレット,Hamlet
OP08-091,フーズ・フー,Who's.Who
OP08-092,ページワン,Page One
OP08-093,X・ドレーク,X.Drake
OP08-094,炎皇,Imperial Flame
OP08-095,鉄塊 牙閃,Iron Body Fang Flash
OP08-096,人の夢は!!!終わらねェ!!!!,People's Dreams Don't Ever End!!
OP08-097,ヘリケラトプス,Heliceratops
OP08-098,カルガラ,Kalgara
OP08-099,カルガラ,Kalgara
OP08-100,サウスバード,South Bird
OP08-101,シャーロット・エンゼル,Charlotte Angel
OP08-102,シャーロット・オペラ,Charlotte Opera
OP08-103,シャーロット・カスタード,Charlotte Custard
OP08-104,シャーロット・ポワール,Charlotte Poire
OP08-105,ジュエリー・ボニー,Jewelry Bonney
OP08-106,ナミ,Nami
OP08-107,ニトロ,Nitro
OP08-108,モンブラン・クリケット,Mont Blanc Cricket
OP08-109,モンブラン・ノーランド,Mont Blanc Noland
OP08-110,ワイパー,Wyper
OP08-111,S-シャーク,S-Shark
OP08-112,S-スネーク,S-Snake
OP08-113,S-ベア,S-Bear
OP08-114,S-ホーク,S-Hawk
OP08-115,大地は敗けない!!!,The Earth Will Not Lose!
OP08-116,燃焼砲,Burn Bazooka
OP08-117,燃焼剣,Burn Blade
OP08-118,シルバーズ･レイリー,Silvers Rayleigh
OP08-119,カイドウ＆リンリン,Kaido & Linlin
OP09-001,シャンクス,Shanks
OP09-002,ウタ,Uta
OP09-003,シャチ＆ペンギン,Shachi & Penguin
OP09-004,シャンクス,Shanks
OP09-005,シルバーズ・レイリー,Silvers Rayleigh
OP09-006,"""ハウリング""ガブ",Howling Gab
OP09-007,ヒート,Heat
OP09-008,ビルディング・スネイク,Building Snake
OP09-009,ベン・ベックマン,Benn.Beckman
OP09-010,ボンク・パンチ,Bonk Punch
OP09-011,ホンゴウ,Hongo
OP09-012,モンスター,Monster
OP09-013,ヤソップ,Yasopp
OP09-014,ライムジュース,Limejuice
OP09-015,ラッキー・ルウ,Lucky.Roux
OP09-016,ロックスター,Rockstar
OP09-017,ワイヤー,Wire
OP09-018,失せろ,Get Out of Here!
OP09-019,おれは友達を傷つける奴は許さない!!!!,Nobody Hurts a Friend of Mine!!!!
OP09-020,来い…!!!おれ達が相手をしてやる!!!,Come On!! We'll Fight You!!
OP09-021,レッド・フォース号,Red Force
OP09-022,リム,Lim
OP09-023,アディオ,Adio
OP09-024,ウソップ,Usopp
OP09-025,クロコダイル,Crocodile
OP09-026,サカズキ,Sakazuki
OP09-027,サボ,Sabo
OP09-028,サンジ,Sanji
OP09-029,トニートニー・チョッパー,Tony Tony.Chopper
OP09-030,トラファルガー・ロー,Trafalgar Law
OP09-031,ドンキホーテ・ドフラミンゴ,Donquixote Doflamingo
OP09-032,ドンキホーテ・ロシナンテ,Donquixote Rosinante
OP09-033,ニコ・ロビン,Nico Robin
OP09-034,ペローナ,Perona
OP09-035,ポートガス・D・エース,Portgas.D.Ace
OP09-036,モンキー・D・ルフィ,Monkey.D.Luffy
OP09-037,リム,Lim
OP09-038,ロブ・ルッチ,Rob Lucci
OP09-039,ゴムゴムの「四本樹」JET十字架ショックバズーカ,Gum-Gum Cuatro Jet Cross Shock Bazooka
OP09-040,雷光槍フリップ煩悩鳳ショット,Thunder Lance Flip Caliber Phoenix Shot
OP09-041,魂のフランキー風速計BOXING喪剣,Soul Franky Swing Arm Boxing Solid
OP09-042,バギー,Buggy
OP09-043,アルビダ,Alvida
OP09-044,イゾウ,Izo
OP09-045,カバジ,Cabaji
OP09-046,クロコダイル,Crocodile
OP09-047,光月おでん,Kouzuki Oden
OP09-048,ジュラキュール・ミホーク,Dracule Mihawk
OP09-049,ジョズ,Jozu
OP09-050,ナミ,Nami
OP09-051,バギー,Buggy
OP09-052,マルコ,Marco
OP09-053,モージ,Mohji
OP09-054,リッチー,Richie
OP09-055,Mr.1(ダズ・ボーネス),Mr.1(Daz.Bonez)
OP09-056,Mr.3(ギャルディーノ),Mr.3(Galdino)
OP09-057,クロスギルド,Cross Guild
OP09-058,特製マギー玉,Special Muggy Ball
OP09-059,湯けむり殺人事件,Murder at the Steam Bath
OP09-060,カライ・バリ島,Emptee Bluffs Island
OP09-061,モンキー・D・ルフィ,Monkey.D.Luffy
OP09-062,ニコ・ロビン,Nico Robin
OP09-063,ウソップ,Usopp
OP09-064,キラー,Killer
OP09-065,サンジ,Sanji
OP09-066,ジャンバール,Jean Bart
OP09-067,ジンベエ,Jinbe
OP09-068,トニートニー・チョッパー,Tony Tony.Chopper
OP09-069,トラファルガー・ロー,Trafalgar Law
OP09-070,ナミ,Nami
OP09-071,ニコ・ロビン,Nico Robin
OP09-072,フランキー,Franky
OP09-073,ブルック,Brook
OP09-074,ベポ,Bepo
OP09-075,ユースタス・キッド,"Eustass""Captain""Kid"
OP09-076,ロロノア・ゾロ,Roronoa Zoro
OP09-077,ゴムゴムの雷,Gum-Gum Lightning
OP09-078,ゴムゴムの巨人,Gum-Gum Giant
OP09-079,ゴムゴムの縄跳び,Gum-Gum Jump Rope
OP09-080,サウザンド・サニー号,Thousand Sunny
OP09-081,マーシャル・Ｄ・ティーチ,Marshall.D.Teach
OP09-082,アバロ・ピサロ,Avalo Pizarro
OP09-083,ヴァン・オーガー,Van Augur
OP09-084,カタリーナ・デボン,Catarina Devon
OP09-085,ゲッコー・モリア,Gecko Moria
OP09-086,ジーザス・バージェス,Jesus Burgess
OP09-087,シャーロット・プリン,Charlotte Pudding
OP09-088,シリュウ,Shiryu
OP09-089,ストロンガー,Stronger
OP09-090,ドクQ,Doc Q
OP09-091,バスコ・ショット,Vasco Shot
OP09-092,マーシャル・D・ティーチ,Marshall.D.Teach
OP09-093,マーシャル・D・ティーチ,Marshall.D.Teach
OP09-094,桃ひげ,Peachbeard
OP09-095,ラフィット,Laffitte
OP09-096,おれの時代だァ!!!!,My Era...Begins!!
OP09-097,闇水,Black Vortex
OP09-098,闇穴道,Black Hole
OP09-099,ハチノス,Fullalead
OP09-100,カラス,Karasu
OP09-101,クザン,Kuzan
OP09-102,クローバー博士,Professor Clover
OP09-103,コアラ,Koala
OP09-104,サボ,Sabo
OP09-105,サンジ,Sanji
OP09-106,ニコ・オルビア,Nico Olvia
OP09-107,ニコ・ロビン,Nico Robin
OP09-108,バーソロミュー・くま,Bartholomew Kuma
OP09-109,ハグワール・D・サウロ,Jaguar.D.Saul
OP09-110,ピエール,Pierre
OP09-111,ブルック,Brook
OP09-112,ベロ・ベティ,Belo Betty
OP09-113,モーリー,Morley
OP09-114,リンドバーグ,Lindbergh
OP09-115,アイス塊「両棘矛」,Ice Block Partisan
OP09-116,”奇跡”ナメんじゃないよォ!!!!,Never Underestimate the Power of Miracles!!
OP09-117,デレシ!!,Dereshi!
OP09-118,ゴール・D・ロジャー,Gol.D.Roger
OP09-119,モンキー・D・ルフィ,Monkey.D.Luffy
OP10-001,スモーカー,Smoker
OP10-002,シーザー・クラウン,Caesar Clown
OP10-003,シュガー,Sugar
OP10-004,ヴェルゴ,Vergo
OP10-005,サンジ,Sanji
OP10-006,シーザー・クラウン,Caesar Clown
OP10-007,シーザー兵,Ceaser Soldier
OP10-008,スコッチ,Scotch
OP10-009,スマイリー,Smiley
OP10-010,チャドロス・ヒゲリゲス(茶ひげ),Chadros.Higelyges (Brownbeard)
OP10-011,トニートニー・チョッパー,Tony Tony.Chopper
OP10-012,ドラゴン十三號,Dragon Number Thirteen
OP10-013,ナミ,Nami
OP10-014,フランキー,Franky
OP10-015,モチャ,Mocha
OP10-016,モネ,Monet
OP10-017,ロック,Rock
OP10-018,カマクラ十草紙,Ten-Layer Igloo
OP10-019,神避,Divine Departure
OP10-020,ゴムゴムのUFO,Gum-Gum UFO
OP10-021,パンクハザード,Punk Hazard
OP10-022,トラファルガー・ロー,Trafalgar Law
OP10-023,イッショウ,Issho
OP10-024,エドワード・ニューゲート,Edward.Newgate
OP10-025,エネル,Enel
OP10-026,錦えもん,Kin'emon
OP10-027,錦えもん,Kin'emon
OP10-028,光月モモの助,Kouzuki Momonosuke
OP10-029,ジュラキュール・ミホーク,Dracule Mihawk
OP10-030,スモーカー,Smoker
OP10-031,センゴク,Sengoku
OP10-032,たしぎ,Tashigi
OP10-033,ナミ,Nami
OP10-034,フランキー,Franky
OP10-035,ブルック,Brook
OP10-036,ペローナ,Perona
OP10-037,リム,Lim
OP10-038,ロロノア・ゾロ,Roronoa Zoro
OP10-039,ゴムゴムの龍火炎銃巻き星,Gum-Gum Dragon Fire Pistol Twister Star
OP10-040,弱ェ奴は死に方も選べねェ,The Weak Do Not Have the Right to Choose How They Die
OP10-041,ラジオナイフ,Radio Knife
OP10-042,ウソップ,Usopp
OP10-043,ウーシー,Moocy
OP10-044,カブ,Cub
OP10-045,キャベンディッシュ,Cavendish
OP10-046,キュロス,Kyros
OP10-047,コアラ,Koala
OP10-048,サイ,Sai
OP10-049,サボ,Sabo
OP10-050,ハイルディン,Hajrudin
OP10-051,ハック,Hack
OP10-052,バルトロメオ,Bartolomeo
OP10-053,ビアン,Bian
OP10-054,ブルーギリー,Blue Gilly
OP10-055,マルコ,Marco
OP10-056,マンシェリー,Mansherry
OP10-057,レオ,Leo
OP10-058,レベッカ,Rebecca
OP10-059,おまえ…タチ…わ…おれ…が…み…ち…び…く…!!!,Fo...llow...Me...and...I...Will...Gui...de...You
OP10-060,バリバリの銃,Barrier-Barrier Pistol
OP10-061,必殺!!遠距離“蓑虫星”,Special Long-Range Attack!! Bagworm
OP10-062,ヴァイオレット,Violet
OP10-063,ヴィンスモーク・サンジ,Vinsmoke Sanji
OP10-064,複製兵,Clone Soldier
OP10-065,シュガー,Sugar
OP10-066,ジョーラ,Giolla
OP10-067,セニョール・ピンク,Senor Pink
OP10-068,ディアマンテ,Diamante
OP10-069,闘魚,Fighting Fish
OP10-070,トレーボル,Trebol
OP10-071,ドンキホーテ・ドフラミンゴ,Donquixote Doflamingo
OP10-072,ドンキホーテ・ロシナンテ,Donquixote Rosinante
OP10-073,バッファロー,Buffalo
OP10-074,ピーカ,Pica
OP10-075,フォクシー,Foxy
OP10-076,ベビー5,Baby 5
OP10-077,ベラミー,Bellamy
OP10-078,家族を笑う者はおれが許さん…!!!,I Do Not Forgive Those Who Laugh at My Family!!!
OP10-079,神誅殺,God Thread
OP10-080,小熊玩具,Little Black Bears
OP10-081,ウソップ,Usopp
OP10-082,クザン,Kuzan
OP10-083,光月モモの助,Kouzuki Momonosuke
OP10-084,サンファン・ウルフ,Sanjuan.Wolf
OP10-085,ジーザス・バージェス,Jesus Burgess
OP10-086,シリュウ,Shiryu
OP10-087,トニートニー・チョッパー,Tony Tony.Chopper
OP10-088,ナミ,Nami
OP10-089,ニコ・ロビン,Nico Robin
OP10-090,フランキー,Franky
OP10-091,ブルック,Brook
OP10-092,ペローナ,Perona
OP10-093,ホーミング聖,Saint Homing
OP10-094,リューマ,Ryuma
OP10-095,ロロノア・ゾロ,Roronoa Zoro
OP10-096,王下七武海はもう要らねェ…!!!,There’s No Longer Any Need for the Seven Warlords of the Sea!!!
OP10-097,ゴムゴムの犀榴弾砲,Gum-Gum Rhino Schneider
OP10-098,解放,Liberation
OP10-099,ユースタス・キッド,"Eustass""Captain""Kid"
OP10-100,イナズマ,Inazuma
OP10-101,ウルージ,Urouge
OP10-102,エンポリオ・イワンコフ,Emporio.Ivankov
OP10-103,カポネ・ベッジ,"Capone""Gang""Bege"
OP10-104,カリブー,Caribou
OP10-105,キャベンディッシュ,Cavendish
OP10-106,キラー,Killer
OP10-107,ジュエリー・ボニー,Jewelry Bonney
OP10-108,スクラッチメン・アプー,Scratchmen Apoo
OP10-109,バジル・ホーキンス,Basil Hawkins
OP10-110,ヒート＆ワイヤー,Heat & Wire
OP10-111,モンキー・D・ルフィ,Monkey.D.Luffy
OP10-112,ユースタス・キッド,"Eustass""Captain""Kid"
OP10-113,ロロノア・ゾロ,Roronoa Zoro
OP10-114,X・ドレーク,X.Drake
OP10-115,“新世界”で会おうぜ,Let's Meet Again in the New World
OP10-116,電磁砲,Damned Punk
OP10-117,ROOM,ROOM
OP10-118,モンキー・D・ルフィ,Monkey.D.Luffy
OP10-119,トラファルガー・ロー,Trafalgar Law
OP11-001,コビー,Koby
OP11-002,アイン,Ain
OP11-003,ウソップ,Usopp
OP11-004,孔雀,Kujyaku
OP11-005,スモーカー,Smoker
OP11-006,ゼット,Zephyr
OP11-007,たしぎ,Tashigi
OP11-008,ドール,Doll
OP11-009,ニコ・ロビン,Nico Robin
OP11-010,ひばり,Hibari
OP11-011,ビンズ,Bins
OP11-012,フランキー,Franky
OP11-013,プリンス・グルス,Prince Grus
OP11-014,ボルサリーノ,Borsalino
OP11-015,モチャ,Mocha
OP11-016,ロロノア・ゾロ,Roronoa Zoro
OP11-017,X・ドレーク,X.Drake
OP11-018,実直拳骨,Honesty Impact
OP11-019,粘土の巣,Glorp Web!!
OP11-020,X狩場,X Calibur
OP11-021,ジンベエ,Jinbe
OP11-022,しらほし,Shirahoshi
OP11-023,アーロン,Arlong
OP11-024,アラディン,Aladine
OP11-025,イシリー,Ishilly
OP11-026,ウロコ,Scaled Neptunian
OP11-027,ギョロ目,Bulge-Eyed Neptunian
OP11-028,近海の主,Lord of the Coast
OP11-029,シャーロット・プラリネ,Charlotte Praline
OP11-030,しらほし,Shirahoshi
OP11-031,ジンベエ,Jinbe
OP11-032,スルメ,Surume
OP11-033,トリ,Bird Neptunian
OP11-034,はっちゃん,Hatchan
OP11-035,フィッシャー・タイガー,Fisher Tiger
OP11-036,マダラ,Spotted Neptunian
OP11-037,“古代兵器”「ポセイドン」,Ancient Weapon Poseidon
OP11-038,ゴムゴムの象銃乱打,Gum-Gum Elephant Gatling
OP11-039,武頼貫,Vagabond Drill
OP11-040,モンキー・Ｄ・ルフィ,Monkey.D.Luffy
OP11-041,ナミ,Nami
OP11-042,ヴィト,Vito
OP11-043,ヴィンスモーク・イチジ,Vinsmoke Ichiji
OP11-044,ヴィンスモーク・ジャッジ,Vinsmoke Judge
OP11-045,ヴィンスモーク・ニジ,Vinsmoke Niji
OP11-046,ヴィンスモーク・ヨンジ,Vinsmoke Yonji
OP11-047,ヴィンスモーク・レイジュ,Vinsmoke Reiju
OP11-048,カポネ・ベッジ,"Capone""Gang""Bege"
OP11-049,キャロット,Carrot
OP11-050,ゴッティ,Gotti
OP11-051,サンジ,Sanji
OP11-052,シャーロット・ローラ,Charlotte Lola
OP11-053,トニートニー・チョッパー,Tony Tony.Chopper
OP11-054,ナミ,Nami
OP11-055,バルトロメオ,Bartolomeo
OP11-056,ブルック,Brook
OP11-057,ペドロ,Pedro
OP11-058,モンキー・Ｄ・ルフィ,Monkey.D.Luffy
OP11-059,ゴムゴムの王蛇,Gum-Gum King Cobra
OP11-060,式をブッ壊そう!!!,Let's Crash This Wedding!!!
OP11-061,ゴムゴムのJET大蛇砲,Gum-Gum Jet Culverin
OP11-062,シャーロット・カタクリ,Charlotte Katakuri
OP11-063,サディちゃん,Little Sadi
OP11-064,サルデス,Saldeath
OP11-065,シャーロット・アナナ,Charlotte Anana
OP11-066,シャーロット・オーブン,Charlotte Oven
OP11-067,シャーロット・カタクリ,Charlotte Katakuri
OP11-068,シャーロット・ダイフク,Charlotte Daifuku
OP11-069,シャーロット・ブリュレ,Charlotte Brulee
OP11-070,シャーロット・プリン,Charlotte Pudding
OP11-071,シャーロット・ペロスペロー,Charlotte Perospero
OP11-072,シャーロット・モンドール,Charlotte Mont-d'or
OP11-073,シャーロット・リンリン,Charlotte Linlin
OP11-074,シュトロイゼン,Streusen
OP11-075,ハグワール・D・サウロ,Jaguar.D.Saul
OP11-076,ハンニャバル,Hannyabal
OP11-077,ランドルフ,Randolph
OP11-078,10つ子達,Decuplets
OP11-079,男の勝負に…!!!薄っぺらい援護などするな!!!!,When Two Men Are Fighting the Last Thing I Need Is Some Half-Hearted Assistance!!!!
OP11-080,ギア2,Gear Two
OP11-081,皇帝剣破々刃,Cognac Mama-Mash
OP11-082,アラマキ,Aramaki
OP11-083,カリブー,Caribou
OP11-084,クザン,Kuzan
OP11-085,黒炭オロチ,Kurozumi Orochi
OP11-086,コリブー,Coribou
OP11-087,さらへび先生,Miss Sarahebi
OP11-088,シュウ,Shu
OP11-089,ブラックマリア,Black Maria
OP11-090,ブリスコラ,Briscola
OP11-091,ベリーグッド,Berry Good
OP11-092,ヘルメッポ,Helmeppo
OP11-093,ボガード,Bogard
OP11-094,モーガン,Morgan
OP11-095,モンキー・D・ガープ,Monkey.D.Garp
OP11-096,リッパー,Ripper
OP11-097,すっかり衰えた……!!!,After All These Years I'm Losing My Edge!!!
OP11-098,海底落下,Blue Hole
OP11-099,ぼくは!!!海軍将校になる男です!!!!,I'm Gonna Be a Navy Officer!!!
OP11-100,オトヒメ,Otohime
OP11-101,カポネ・ベッジ,"Capone""Gang""Bege"
OP11-102,ケイミー,Camie
OP11-103,シャクレ,Long-Jaw Neptunian
OP11-104,シャーリー,Shirley
OP11-105,シャーロット・シフォン,Charlotte Chiffon
OP11-106,ゼウス,Zeus
OP11-107,チョンマゲ,Topknot Neptunian
OP11-108,ネプチューン,Neptune
OP11-109,パッパグ,Pappag
OP11-110,フカボシ,Fukaboshi
OP11-111,マンボシ,Mamboshi
OP11-112,メガロ,Megalo
OP11-113,リュウボシ,Ryuboshi
OP11-114,ゴムゴムの火拳銃,Gum-Gum Fire-Fist Pistol Red Hawk
OP11-115,タイプじゃないんですっ…………!!,You're Just Not My Type!
OP11-116,人魚柔術 ウルトラマリン,Merman Combat Ultramarine
OP11-117,魚人島,Fish-Man Island
OP11-118,モンキー・Ｄ・ルフィ,Monkey.D.Luffy
OP11-119,コビー,Koby
OP12-001,シルバーズ・レイリー,Silvers Rayleigh
OP12-002,エドワード・ニューゲート,Edward.Newgate
OP12-003,クロッカス,Crocus
OP12-004,光月おでん,Kouzuki Oden
OP12-005,シキ,Shiki
OP12-006,シャクヤク,Shakuyaku
OP12-007,シャンクス,Shanks
OP12-008,シャンクス,Shanks
OP12-009,ジンベエ,Jinbe
OP12-010,ダグラス・バレット,Douglas Bullet
OP12-011,デュバル,Duval
OP12-012,バギー,Buggy
OP12-013,はっちゃん,Hatchan
OP12-014,ボア・ハンコック,Boa Hancock
OP12-015,モンキー・Ｄ・ルフィ,Monkey.D.Luffy
OP12-016,“疑わない事”それが“強さ”だ!!!,To Never Doubt--That Is Power!
OP12-017,見聞色の覇気,Color of Observation Haki
OP12-018,覇王色の覇気,Color of the Supreme King Haki
OP12-019,武装色の覇気,Color of Arms Haki
OP12-020,ロロノア・ゾロ,Roronoa Zoro
OP12-021,いっぽんマツ,Ipponmatsu
OP12-022,イヌアラシ,Inuarashi
OP12-023,河松,Kawamatsu
OP12-024,牛鬼丸,Gyukimaru
OP12-025,錦えもん,Kin'emon
OP12-026,くいな,Kuina
OP12-027,コウシロウ,Koushirou
OP12-028,光月日和,Kouzuki Hiyori
OP12-029,霜月コウ三郎,Shimotsuki Kouzaburou
OP12-030,ジュラキュール・ミホーク,Dracule Mihawk
OP12-031,たしぎ,Tashigi
OP12-032,ネコマムシ,Nekomamushi
OP12-033,ヘルメッポ,Helmeppo
OP12-034,ペローナ,Perona
OP12-035,モーガン,Morgan
OP12-036,ロロノア・ゾロ,Roronoa Zoro
OP12-037,鬼気 九刀流 阿修羅 抜剣 亡者戯,Demon Aura Nine Sword Style Asura Blades Drawn Dead Man's Game
OP12-038,二刀流 居合 羅生門,Two-Sword Style Rashomon
OP12-039,ルフィは海賊王になる男だ!!!,Luffy Is the Man Who Will Become the King of Pirates!!!
OP12-040,クザン,Kuzan
OP12-041,サンジ,Sanji
OP12-042,アルビダ,Alvida
OP12-043,クザン,Kuzan
OP12-044,サカズキ,Sakazuki
OP12-045,ジャンゴ,Jango
OP12-046,ゼファー,Zephyr(Navy)
OP12-047,センゴク,Sengoku
OP12-048,ドンキホーテ・ロシナンテ,Donquixote Rosinante
OP12-049,バギー,Buggy
OP12-050,ハグワール・Ｄ・サウロ,Jaguar.D.Saul
OP12-051,ヒナ,Hina
OP12-052,フルボディ,Fullbody
OP12-053,ボルサリーノ,Borsalino
OP12-054,マーシャル・Ｄ・ティーチ,Marshall.D.Teach
OP12-055,モージ＆カバジ,Mohji & Cabaji
OP12-056,モンキー・Ｄ・ガープ,Monkey.D.Garp
OP12-057,アイス塊暴雉嘴,Ice Block Pheasant Peck
OP12-058,…おれは白ひげを王にする,I Will Make Whitebeard the King of the Pirates
OP12-059,粗砕,Concasser
OP12-060,牛肉バースト,Boeuf Burst
OP12-061,ドンキホーテ・ロシナンテ,Donquixote Rosinante
OP12-062,ヴィンスモーク・ソラ,Vinsmoke Sora
OP12-063,ヴィンスモーク・レイジュ,Vinsmoke Reiju
OP12-064,ヴェルゴ,Vergo
OP12-065,エンポリオ・イワンコフ,Emporio.Ivankov
OP12-066,カルネ,Carne
OP12-067,カルメン,Carmen
OP12-068,ギン,Gin
OP12-069,クロコダイル,Crocodile
OP12-070,サンジ,Sanji
OP12-071,シャーロット・プリン,Charlotte Pudding
OP12-072,ゼフ,Zeff
OP12-073,トラファルガー・ロー,Trafalgar Law
OP12-074,パティ,Patty
OP12-075,ミス・オールサンデー,Ms. All Sunday
OP12-076,モネ,Monet
OP12-077,“お前の影響で出る音は全て消えるの術”だ,"The ""Extinguishes All Sound Created by Your Influence"" Technique"
OP12-078,串焼き,Brochette Blow
OP12-079,ルフィは“海賊王”になる男だ!!!,Luffy Is the Man Who Will Be King of the Pirates!!!
OP12-080,バラティエ,Baratie
OP12-081,コアラ,Koala
OP12-082,イッショウ,Issho
OP12-083,イナズマ,Inazuma
OP12-084,エンポリオ・イワンコフ,Emporio.Ivankov
OP12-085,カラス,Karasu
OP12-086,コアラ,Koala
OP12-087,ニコ・ロビン,Nico Robin
OP12-088,バスティーユ,Bastille
OP12-089,ハック,Hack
OP12-090,ベロ・ベティ,Belo Betty
OP12-091,ポーカー,Poker
OP12-092,ミゼルカ,Mizerka
OP12-093,モーリー,Morley
OP12-094,モンキー・Ｄ・ドラゴン,Monkey.D.Dragon
OP12-095,リンドバーグ,Lindbergh
OP12-096,熊の衝撃,Ursa Shock
OP12-097,軍隊長集結,Captains Assembled
OP12-098,夢打撃処裏拳,Hair Removal Fist
OP12-099,カルガラ,Kalgara
OP12-100,サボ,Sabo
OP12-101,ジュエリー・ボニー,Jewelry Bonney
OP12-102,しらほし,Shirahoshi
OP12-103,セト,Seto
OP12-104,戦桃丸,Sentomaru
OP12-105,トラファルガー・ラミ,Trafalgar Lammy
OP12-106,トラファルガー・ロー,Trafalgar Law
OP12-107,ドンキホーテ・ドフラミンゴ,Donquixote Doflamingo
OP12-108,ドンキホーテ・ロシナンテ,Donquixote Rosinante
OP12-109,パシフィスタ,Pacifista
OP12-110,バッファロー,Buffalo
OP12-111,ベビー５,Baby 5
OP12-112,ベビー５,Baby 5
OP12-113,ロロノア・ゾロ,Roronoa Zoro
OP12-114,ワイパー,Wyper
OP12-115,愛してるぜ!!,I Love You!!
OP12-116,鐘を鳴らして君を待つ!!!!,We'll Ring the Bell Waiting for You!!
OP12-117,破壊弦,Slam Gibson
OP12-118,ジュエリー・ボニー,Jewelry Bonney
OP12-119,バーソロミュー・くま,Bartholomew Kuma
OP13-001,モンキー・Ｄ・ルフィ,Monkey.D.Luffy
OP13-002,ポートガス・Ｄ・エース,Portgas.D.Ace
OP13-003,ゴール・Ｄ・ロジャー,Gol.D.Roger
OP13-004,サボ,Sabo
OP13-005,イナズマ,Inazuma
OP13-006,ウープ・スラップ,Woop Slap
OP13-007,エース＆サボ＆ルフィ,Ace & Sabo & Luffy
OP13-008,エンポリオ・イワンコフ,Emporio.Ivankov
OP13-009,カーリー・ダダン,Curly.Dadan
OP13-010,近海の主,Lord of the Coast
OP13-011,ネフェルタリ・コブラ,Nefeltari Cobra
OP13-012,ネフェルタリ・ビビ,Nefeltari Vivi
OP13-013,ヒグマ,Higuma
OP13-014,ポートガス・Ｄ・ルージュ,Portgas.D.Rouge
OP13-015,マキノ,Makino
OP13-016,モンキー・Ｄ・ガープ,Monkey.D.Garp
OP13-017,モンキー・Ｄ・ドラゴン,Monkey.D.Dragon
OP13-018,ワポル,Wapol
OP13-019,“火炎”が許さねェってよ!!,But Ace Here Said You Deserved It!!
OP13-020,拳・骨・隕石,Meteor Fist
OP13-021,ゴムゴムの銃乱打,Gum-Gum Gatling Gun
OP13-022,フーシャ村,Windmill Village
OP13-023,ウタ,Uta
OP13-024,ゴードン,Gordon
OP13-025,コビー,Koby
OP13-026,サニーくん,Sunny-Kun
OP13-027,サンジ,Sanji
OP13-028,シャンクス,Shanks
OP13-029,ジンベエ,Jinbe
OP13-030,トニートニー・チョッパー,Tony Tony.Chopper
OP13-031,トラファルガー・ロー,Trafalgar Law
OP13-032,ニコ・ロビン,Nico Robin
OP13-033,フランキー,Franky
OP13-034,ブルック,Brook
OP13-035,ベポ,Bepo
OP13-036,ヘルメッポ,Helmeppo
OP13-037,ロロノア・ゾロ,Roronoa Zoro
OP13-038,ゴムゴムの象銃,Gum-Gum Elephant Gun
OP13-039,ゴムゴムの蛇銃,Gum-Gum Snake Shot
OP13-040,強ェとわかってんだから… 始めから全開だ!!!,I Know You're Strong... So I'll Go All Out from the Very Start!!!
OP13-041,イゾウ,Izo
OP13-042,エドワード・ニューゲート,Edward.Newgate
OP13-043,お玉,Otama
OP13-044,クリエル,Curiel
OP13-045,ハルタ,Haruta
OP13-046,ビスタ,Vista
OP13-047,フォッサ,Fossa
OP13-048,ブラメンコ,Blamenco
OP13-049,ブレンハイム,Blenheim
OP13-050,ボア・サンダーソニア,Boa Sandersonia
OP13-051,ボア・ハンコック,Boa Hancock
OP13-052,ボア・マリーゴールド,Boa Marigold
OP13-053,マーシャル・Ｄ・ティーチ,Marshall.D.Teach
OP13-054,ヤマト,Yamato
OP13-055,ラクヨウ,Rakuyo
OP13-056,リトルオーズJr.,LittleOars Jr.
OP13-057,“力”に屈したら男に生まれた意味がねェだろう,"If I Bowed Down to Power, What's the Point in Living?"
OP13-058,鳳梨礫,Phoenix Pyreapple
OP13-059,ブリリアント・パンク,Brilliant Punk
OP13-060,天月トキ,Amatsuki Toki
OP13-061,イヌアラシ,Inuarashi
OP13-062,クロッカス,Crocus
OP13-063,光月おでん,Kouzuki Oden
OP13-064,ゴール・Ｄ・ロジャー,Gol.D.Roger
OP13-065,シャンクス,Shanks
OP13-066,シルバーズ・レイリー,Silvers Rayleigh
OP13-067,スコッパー・ギャバン,Scopper Gaban
OP13-068,ダグラス・バレット,Douglas Bullet
OP13-069,トム,Tom
OP13-070,ナポレオン,Napoleon
OP13-071,ネコマムシ,Nekomamushi
OP13-072,バギー,Buggy
OP13-073,プロメテウス,Prometheus
OP13-074,ヘラ,Hera
OP13-075,いっちょやるか生きててこその“殺し合い”!!!,Guess We'll Have Another Scrap. You Can Only Risk Death While You're Still Alive!!
OP13-076,神避,Divine Departure
OP13-077,頂点まで行って来い!!!,Go All the Way to the Top!!
OP13-078,オーロ・ジャクソン号,Oro Jackson
OP13-079,イム,Imu
OP13-080,イーザンバロン・V・ナス寿郎聖,St. Ethanbaron V. Nusjuro
OP13-081,コアラ,Koala
OP13-082,五老星,Five Elders
OP13-083,ジェイガルシア・サターン聖,St. Jaygarcia Saturn
OP13-084,シェパード・十・ピーター聖,St. Shepherd Ju Peter
OP13-085,ジャルマック聖,Saint Jalmac
OP13-086,シャルリア宮,Saint Shalria
OP13-087,チャルロス聖,Saint Charlos
OP13-088,テリー・ギルテオ,Terry Gilteo
OP13-089,トップマン・ウォーキュリー聖,St. Topman Warcury
OP13-090,ハック,Hack
OP13-091,マーカス・マーズ聖,St. Marcus Mars
OP13-092,ミョスガルド聖,Saint Mjosgard
OP13-093,モルガンズ,Morgans
OP13-094,ヨーク,York
OP13-095,ロズワード聖,Saint Rosward
OP13-096,“五老星”ここに!!!,The Five Elders Are at Your Service!!!
OP13-097,世界の均衡など…永遠には保てぬのだ,The World's Equilibrium Cannot Be Maintained Forever
OP13-098,元々…ないではないか…,Never Existed... in the First Place...
OP13-099,虚の玉座,The Empty Throne
OP13-100,ジュエリー・ボニー,Jewelry Bonney
OP13-101,アトラス,Atlas
OP13-102,エジソン,Edison
OP13-103,ギョギョ,Gyogyo
OP13-104,光月日和,Kouzuki Hiyori
OP13-105,光月モモの助,Kouzuki Momonosuke
OP13-106,コニー,Conney
OP13-107,シャカ,Shaka
OP13-108,ジュエリー・ボニー,Jewelry Bonney
OP13-109,ジュエリー・ボニー,Jewelry Bonney
OP13-110,ステューシー,Stussy
OP13-111,ピタゴラス,Pythagoras
OP13-112,ベガパンク,Vegapunk
OP13-113,リリス,Lilith
OP13-114,S-スネーク,S-Snake
OP13-115,「紙絵」“残身”,Paper Art Afterimage
OP13-116,この海で一番自由な奴が海賊王だ!!!,The One Who Is the Most Free Is the Pirate King!!!
OP13-117,ゴムゴムの白いスタンプ,Gum-Gum Dawn Stamp
OP13-118,モンキー・Ｄ・ルフィ,Monkey.D.Luffy
OP13-119,ポートガス・Ｄ・エース,Portgas.D.Ace
OP13-120,サボ,Sabo
OP14-001,トラファルガー・ロー,Trafalgar Law
OP14-002,ウルージ,Urouge
OP14-003,カポネ・ベッジ,"Capone""Gang""Bege"
OP14-004,キャベンディッシュ,Cavendish
OP14-005,キラー,Killer
OP14-006,シャチ＆ペンギン,Shachi & Penguin
OP14-007,ジュエリー・ボニー,Jewelry Bonney
OP14-008,スクラッチメン・アプー,Scratchmen Apoo
OP14-009,トラファルガー・ロー,Trafalgar Law
OP14-010,バジル・ホーキンス,Basil Hawkins
OP14-011,バルトロメオ,Bartolomeo
OP14-012,ベポ,Bepo
OP14-013,モンキー・Ｄ・ルフィ,Monkey.D.Luffy
OP14-014,ユースタス・キッド,"Eustass""Captain""Kid"
OP14-015,ロロノア・ゾロ,Roronoa Zoro
OP14-016,Ｘ・ドレーク,X.Drake
OP14-017,シャンブルズ,Chambres
OP14-018,反撃に出るぞ,Time for the Counterattack
OP14-019,「四皇」を一人…!!!引きずり降ろす“策”がある,I Have a Plan to Take Down One of the Four Emperors!!
OP14-020,ジュラキュール・ミホーク,Dracule Mihawk
OP14-021,イッショウ,Issho
OP14-022,ウソップ,Usopp
OP14-023,菊之丞,Kikunojo
OP14-024,錦えもん,Kin'emon
OP14-025,クロ,Kuro
OP14-026,光月おでん,Kouzuki Oden
OP14-027,シャンクス,Shanks
OP14-028,ジョニー,Johnny
OP14-029,たしぎ,Tashigi
OP14-030,チャカ＆ペル,Chaka & Pell
OP14-031,ナミ,Nami
OP14-032,ヒューマンドリル,Humandrill
OP14-033,ペローナ,Perona
OP14-034,モンキー・Ｄ・ルフィ,Monkey.D.Luffy
OP14-035,ヨサク,Yosaku
OP14-036,このおれを越えてみよロロノア!!!,"Strive to Surpass me, Roronoa Zoro!!!"
OP14-037,ヒマつぶし,For Fun
OP14-038,虫ケラの顔など いちいち覚えちゃいない!!!,I Never Bother to Remember the Faces of Trash
OP14-039,棺船,Coffin Boat
OP14-040,ジンベエ,Jinbe
OP14-041,ボア・ハンコック,Boa Hancock
OP14-042,アーロン,Arlong
OP14-043,アラディン,Aladine
OP14-044,エドワード・ニューゲート,Edward.Newgate
OP14-045,クロオビ,Kuroobi
OP14-046,コアラ,Koala
OP14-047,しらほし,Shirahoshi
OP14-048,シリュウ,Shiryu
OP14-049,ジンベエ,Jinbe
OP14-050,チュウ,Chew
OP14-051,はっちゃん,Hatchan
OP14-052,ハンニャバル,Hannyabal
OP14-053,ビスタ,Vista
OP14-054,フィッシャー・タイガー,Fisher Tiger
OP14-055,マクロ一味,The Macro Gang
OP14-056,ワダツミ,Wadatsumi
OP14-057,安心せい!!わしがおる!!!,Don't Worry!! I'm Here!!
OP14-058,海流一本背負い,Ocean Current Shoulder Throw
OP14-059,わしも連れて行ってくれ!!!必ず役に立つ!!!,Please Take Me with You!! I Can Be of Great Help to You!!
OP14-060,ドンキホーテ・ドフラミンゴ,Donquixote Doflamingo
OP14-061,ヴェルゴ,Vergo
OP14-062,グラディウス,Gladius
OP14-063,シュガー,Sugar
OP14-064,ジョーラ,Giolla
OP14-065,セニョール・ピンク,Senor Pink
OP14-066,ディアマンテ,Diamante
OP14-067,デリンジャー,Dellinger
OP14-068,トレーボル,Trebol
OP14-069,ドンキホーテ・ドフラミンゴ,Donquixote Doflamingo
OP14-070,バッファロー,Buffalo
OP14-071,ピーカ,Pica
OP14-072,ベビー５,Baby 5
OP14-073,マッハバイス,Machvise
OP14-074,モネ,Monet
OP14-075,ラオG,Lao.G
OP14-076,海原白波,Ever White
OP14-077,五色糸,Penta-Chromatic String
OP14-078,弾糸,Bullet String
OP14-079,クロコダイル,Crocodile
OP14-080,ゲッコー・モリア,Gecko Moria
OP14-081,スパイダーマウス,Spider Mice
OP14-082,ブヒチャック,Oinkchuck
OP14-083,ミス・ウェンズデー,Ms. Wednesday
OP14-084,ミス・オールサンデー,Ms. All Sunday
OP14-085,ミス・ゴールデンウィーク(マリアンヌ),Miss.Goldenweek(Marianne)
OP14-086,ミス・ダブルフィンガー(ザラ),Miss Doublefinger(Zala)
OP14-087,ミス・バレンタイン(ミキータ),Miss.Valentine(Mikita)
OP14-088,ミス・メリークリスマス(ドロフィー),Miss.MerryChristmas(Drophy)
OP14-089,リューマ,Ryuma
OP14-090,Mr.1(ダズ・ボーネス),Mr.1(Daz.Bonez)
OP14-091,Mr.2・ボン・クレー(ベンサム),Mr.2.Bon.Kurei(Bentham)
OP14-092,Mr.3(ギャルディーノ),Mr.3(Galdino)
OP14-093,Mr.4(ベーブ),Mr.4(Babe)
OP14-094,Mr.5(ジェム),Mr.5(Gem)
OP14-095,Mr.9,Mr.9
OP14-096,浸食輪廻,Ground Death
OP14-097,早くおれを海賊王にならせろ!!!,Hurry Up and Make Me the Pirate King!
OP14-098,三日月形砂丘,Crescent Cutlass
OP14-099,不服か？,Disappointed?
OP14-100,アブサロム,Absalom
OP14-101,オーズ,Oars
OP14-102,クマシー,Kumacy
OP14-103,グロリオーサ(ニョン婆),Gloriosa (Grandma Nyon)
OP14-104,ゲッコー・モリア,Gecko Moria
OP14-105,ゴルゴン三姉妹,Gorgon Sisters
OP14-106,サロメ,Salome
OP14-107,シャクヤク,Shakuyaku
OP14-108,シルバーズ・レイリー,Silvers Rayleigh
OP14-109,ビクトリア・シンドリー,Victoria Cindry
OP14-110,ドクトル・ホグバック,Dr. Hogback
OP14-111,ペローナ,Perona
OP14-112,ボア・ハンコック,Boa Hancock
OP14-113,マーガレット,Marguerite
OP14-114,ラン,Ran
OP14-115,リンドウ,Rindo
OP14-116,炎の蛇神,Salamander
OP14-117,欠片蝙蝠,Brick Bat
OP14-118,わらわ こわい…♡,You'll Frighten Me... ♡
OP14-119,ジュラキュール・ミホーク,Dracule Mihawk
OP14-120,クロコダイル,Crocodile
OP15-001,クリーク,Krieg
OP15-002,ルーシー,Lucy
OP15-003,アルビダ,Alvida
OP15-004,海ネコ,Sea Cat
OP15-005,カバジ,Cabaji
OP15-006,キャベンディッシュ,Cavendish
OP15-007,ギン,Gin
OP15-008,クリーク,Krieg
OP15-009,コビー,Koby
OP15-010,ネズミ,Nezumi
OP15-011,パール,Pearl
OP15-012,バギー,Buggy
OP15-013,ハサミ,Pincers
OP15-014,バルトロメオ,Bartolomeo
OP15-015,ヒグマ,Higuma
OP15-016,フルボディ,Fullbody
OP15-017,モーガン,Morgan
OP15-018,モージ,Mohji
OP15-019,バリア突進牛,Barrier Bulls
OP15-020,火拳,Fire Fist
OP15-021,見てろよ!エース!!!,"Just Watch Me, Ace!!!"
OP15-022,ブルック,Brook
OP15-023,アーロン,Arlong
OP15-024,ウソップ,Usopp
OP15-025,クロ,Kuro
OP15-026,ジャンゴ,Jango
OP15-027,ジュラキュール・ミホーク,Dracule Mihawk
OP15-028,ニャーバン兄弟,Meowban Brothers
OP15-029,バーソロミュー・くま,Bartholomew Kuma
OP15-030,ヒョウゾウ,Hyouzou
OP15-031,プリンプリン,Purinpurin
OP15-032,ブルック,Brook
OP15-033,ホーディ・ジョーンズ,Hody Jones
OP15-034,ヨーキ,Yorki
OP15-035,ラブーン,Laboon
OP15-036,リューマ,Ryuma
OP15-037,強ェ弱ェは結果が決めるのさ,The Outcome Will Tell Us Who's Strong and Who's Weak
OP15-038,命令してるんだ 誰もおれに逆らうな!!!,It's an Order! Do Not Defy Me!!!
OP15-039,レベッカ,Rebecca
OP15-040,ヴィオラ,Viola
OP15-041,オオロンブス,Orlumbus
OP15-042,キュロス,Kyros
OP15-043,ケリー・ファンク,Kelly Funk
OP15-044,コアラ,Koala
OP15-045,サイ,Sai
OP15-046,サボ,Sabo
OP15-047,サンジ,Sanji
OP15-048,チンジャオ,Chinjao
OP15-049,ハイルディン,Hajrudin
OP15-050,ボビー・ファンク,Bobby Funk
OP15-051,モンキー・Ｄ・ルフィ,Monkey.D.Luffy
OP15-052,レオ,Leo
OP15-053,レベッカ,Rebecca
OP15-054,誰にも渡さねェよ!“あいつ”の形見だ,And No One Else Can Have It! It's Our Memento of Him
OP15-055,使ってけれ‼ルフィ先輩ィ!!!,"Go Ahead and Use 'Em, Mr. Luffy!!!"
OP15-056,“メラメラの実”はおれが食っていいか？,Would You Let Me Eat the Flame-Flame Fruit?
OP15-057,ドレスローザ王国,Dressrosa Kingdom
OP15-058,エネル,Enel
OP15-059,アマゾン,Amazon
OP15-060,エネル,Enel
OP15-061,オーム,Ohm
OP15-062,キャプテン・シーマーズ,Captain Seamars
OP15-063,ゲダツ,Gedatsu
OP15-064,コトリ,Kotori
OP15-065,ゴロー,Goro
OP15-066,サトリ,Satori
OP15-067,シュラ,Shura
OP15-068,神兵,Heavenly Warriors
OP15-069,ノラ,Nola
OP15-070,フザ,Fuza
OP15-071,ホーリー,Holly
OP15-072,ホトリ,Hotori
OP15-073,ヤマ,Yama
OP15-074,放電,Varie
OP15-075,神の裁き,El Thor
OP15-076,雷獣,Lightning Beast Kiten
OP15-077,雷龍,Lightning Dragon
OP15-078,万雷,Mamaragan
OP15-079,アブサロム,Absalom
OP15-080,オーズ,Oars
OP15-081,サンジ,Sanji
OP15-082,シャーロット・ローラ,Charlotte Lola
OP15-083,スポイル,Spoil
OP15-084,ドクトル・ホグバック,Dr. Hogback
OP15-085,トニートニー・チョッパー,Tony Tony.Chopper
OP15-086,ナミ,Nami
OP15-087,ニコ・ロビン,Nico Robin
OP15-088,パイレーツドッキング6,Pirates Docking Six
OP15-089,フランキー,Franky
OP15-090,ペローナ,Perona
OP15-091,マルガリータ,Margarita
OP15-092,モンキー・Ｄ・ルフィ,Monkey.D.Luffy
OP15-093,リスキー兄弟,The Risky Brothers
OP15-094,ロロノア・ゾロ,Roronoa Zoro
OP15-095,ゴムゴムの暴風雨,Gum-Gum Storm
OP15-096,飛燕ボンナバン,Swallow Bond en Avant
OP15-097,人として恥ずかしいわ,I Find It Embarrassing as a Human Being
OP15-098,モンキー・Ｄ・ルフィ,Monkey.D.Luffy
OP15-099,ウルージ,Urouge
OP15-100,カマキリ,Kamakiri
OP15-101,カルガラ,Kalgara
OP15-102,ガン・フォール,Gan.Fall
OP15-103,ゲンボウ,Genbo
OP15-104,コニス,Conis
OP15-105,ジュエリー・ボニー,Jewelry Bonney
OP15-106,タコバルーン,Octoballoon
OP15-107,トニートニー・チョッパー,Tony Tony.Chopper
OP15-108,ナミ,Nami
OP15-109,ニコ・ロビン,Nico Robin
OP15-110,ブラハム,Braham
OP15-111,モンブラン・ノーランド,Mont Blanc Noland
OP15-112,ラキ,Raki
OP15-113,ロロノア・ゾロ,Roronoa Zoro
OP15-114,ワイパー,Wyper
OP15-115,衝撃貝,Impact Dial
OP15-116,ゴムゴムの黄金回転弾,Gum-Gum Golden Rifle
OP15-117,へそ!!,Heso!!
OP15-118,エネル,Enel
OP15-119,モンキー・Ｄ・ルフィ,Monkey.D.Luffy
EB01-001,光月おでん,Kouzuki Oden
EB01-002,イゾウ,Izo
EB01-003,キッド&キラー,Kid & Killer
EB01-004,コーザ,Koza
EB01-005,ドーマ,Doma
EB01-006,トニートニー・チョッパー,Tony Tony.Chopper
EB01-007,ヤマト,Yamato
EB01-008,リトルオーズJr.,LittleOars Jr.
EB01-009,うるせェ!!!いこう!!!!,Just Shut Up and Come with Us!!!!
EB01-010,お前がおれに!!!勝てるわけねェだろうが!!!!,There's No Way You Could Defeat Me!!
EB01-011,ミニメリー2号,Mini-Merry
EB01-012,キャベンディッシュ,Cavendish
EB01-013,光月日和,Kouzuki Hiyori
EB01-014,サンジ,Sanji
EB01-015,スクラッチメン・アプー,Scratchmen Apoo
EB01-016,びん豪,Bingoh
EB01-017,ブルーノ,Blueno
EB01-018,山さん,Mountain God
EB01-019,盾白糸,Off-White
EB01-020,シャンブルズ,Chambres
EB01-021,ハンニャバル,Hannyabal
EB01-022,イナズマ,Inazuma
EB01-023,エドワード・ウィーブル,Edward Weevil
EB01-024,ハムレット,Hamlet
EB01-025,フォートリックス,Fourtricks
EB01-026,プリンス・ベレット,Prince Bellett
EB01-027,Mr.1(ダズ・ボーネス),Mr.1(Daz.Bonez)
EB01-028,ゴムゴムのチャンピオン回転弾,Gum-Gum Champion Rifle
EB01-029,わりいおれ死んだ,Sorry. I'm a Goner.
EB01-030,ローグタウン,Loguetown
EB01-031,カリファ,Kalifa
EB01-032,軍隊ウルフ,Army Wolves
EB01-033,ブルーノ,Blueno
EB01-034,ミス・ウェンズデー,Ms. Wednesday
EB01-035,ミス・マンデー,Ms. Monday
EB01-036,ミノチワワ,Minochihuahua
EB01-037,Mr.9,Mr. 9
EB01-038,オカマ道,Oh Come My Way
EB01-039,降三世 引奈落,Conquerer of Three Worlds Ragnaraku
EB01-040,キュロス,Kyros
EB01-041,クロッカス,Crocus
EB01-042,スカーレット,Scarlet
EB01-043,スパンダイン,Spandine
EB01-044,ファンクフリード,Funkfreed
EB01-045,ブルック,Brook
EB01-046,ブルック,Brook
EB01-047,ラブーン,Laboon
EB01-048,ラブーン,Laboon
EB01-049,Tボーン,T-Bone
EB01-050,生ぎたいっ!!!!,...I Want to Live!!
EB01-051,指銃,Finger Pistol
EB01-052,ヴィオラ,Viola
EB01-053,ガスティーノ,Gastino
EB01-054,ガン・フォール,Gan.Fall
EB01-055,シャーロット・コンポート,Charlotte Compote
EB01-056,シャーロット・フランぺ,Charlotte Flampe
EB01-057,しらほし,Shirahoshi
EB01-058,モンブラン・クリケット,Mont Blanc Cricket
EB01-059,雷迎,Kingdom Come
EB01-060,我が神なり,Did Someone Say...Kami?
EB01-061,Mr.2・ボン・クレー(ベンサム),Mr.2.Bon.Kurei(Bentham)
EB02-001,カルー,Karoo
EB02-002,サボ,Sabo
EB02-003,トニートニー・チョッパー,Tony Tony.Chopper
EB02-004,ドン・アッチーノ,Don Accino
EB02-005,ニセ麦わらの一味,Fake Straw Hat Crew
EB02-006,ヤマト,Yamato
EB02-007,刻蹄・桜吹雪,Cloven Rose Blizzard
EB02-008,最高到達点,The Peak
EB02-009,サウザンド・サニー号,Thousand Sunny
EB02-010,モンキー・D・ルフィ,Monkey.D.Luffy
EB02-011,アーロン,Arlong
EB02-012,ガイモン,Gaimon
EB02-013,キャロット,Carrot
EB02-014,サーファンクル,Sarfunkel
EB02-015,ジュエリー・ボニー,Jewelry Bonney
EB02-016,チョッパーマン,Chopperman
EB02-017,ナミ,Nami
EB02-018,バギー,Buggy
EB02-019,ロロノア・ゾロ,Roronoa Zoro
EB02-020,ウィーアー！,We Are!
EB02-021,ゴムゴムの巨人の銃,Gum-Gum Giant Pistol
EB02-022,ウソップ,Usopp
EB02-023,クロコダイル,Crocodile
EB02-024,そげキング,Sogeking
EB02-025,ドンキホーテ・ロシナンテ,Donquixote Rosinante
EB02-026,ネフェルタリ・ビビ,Nefeltari Vivi
EB02-027,ビスタ,Vista
EB02-028,ポートガス・D・エース,Portgas.D.Ace
EB02-029,リュウ爺,Grandpa Ryu
EB02-030,仲間の夢を笑われた時だ!!!!,And That's When Somebody Makes Fun of Their Friend's Dream!!!!
EB02-031,Hope,Hope
EB02-032,アイスバーグ,Iceburg
EB02-033,クラバウターマン,Klabautermann
EB02-034,コーメイ,Komei
EB02-035,サンジ&プリン,Sanji & Pudding
EB02-036,ニコ・ロビン,Nico Robin
EB02-037,フランキー,Franky
EB02-038,マゼラン,Magellan
EB02-039,GERMA 66,GERMA 66
EB02-040,BRAND NEW WORLD,BRAND NEW WORLD
EB02-041,ゴーイング・メリー号,Merry Go
EB02-042,オールハント・グラント,All-Hunt Grount
EB02-043,ジョナサン,Jonathan
EB02-044,センゴク,Sengoku
EB02-045,トラファルガー・ロー,Trafalgar Law
EB02-046,ヒルドン,Hildon
EB02-047,ブルーノ,Blueno
EB02-048,ブルック,Brook
EB02-049,モンキー・D・ガープ,Monkey.D.Garp
EB02-050,ココロのちず,Kokoro no Chizu
EB02-051,鼻唄三丁矢筈斬り,Three-Pace Hum Soul Notch Slash
EB02-052,エネル,Enel
EB02-053,オルガ・ミスキナ,Myskina Olga
EB02-054,サンジ,Sanji
EB02-055,ジンベエ,Jinbe
EB02-056,ベガパンク,Vegapunk
EB02-057,マッド・トレジャー,Mad Treasure
EB02-058,あーーっす！,UUUUUS!
EB02-059,お前がいねェと…!!おれは海賊王になれねェ!!!!,Without Your Help I Can't Become the King of the Pirates!!!!
EB02-060,ゴーイング・メリー号,Merry Go
EB02-061,モンキー・D・ルフィ,Monkey.D.Luffy
EB03-001,ネフェルタリ・ビビ,Nefeltari Vivi
EB03-002,アイン,Ain
EB03-003,ウタ,Uta
EB03-004,カリーナ,Carina
EB03-005,シュガー,Sugar
EB03-006,ナミ,Nami
EB03-007,バカラ,Baccarat
EB03-008,ひばり,Hibari
EB03-009,マキノ,Makino
EB03-010,モネ,Monet
EB03-011,いつかまた会えたら!!!もう一度 仲間と呼んでくれますか!!!?,But If We Ever See Each Other Again... Will You Call Me Your Shipmate?!!
EB03-012,お玉,Otama
EB03-013,キャロット,Carrot
EB03-014,くいな,Kuina
EB03-015,ケイミー,Camie
EB03-016,光月日和,Kouzuki Hiyori
EB03-017,ジュエリー・ボニー,Jewelry Bonney
EB03-018,たしぎ,Tashigi
EB03-019,ワンダ,Wanda
EB03-020,出た!負け惜しみ～,"There You Are, Sore Loser!"
EB03-021,アルビダ,Alvida
EB03-022,イスカ,Isuka
EB03-023,カヤ,Kaya
EB03-024,ネフェルタリ・ビビ,Nefeltari Vivi
EB03-025,ヒナ,Hina
EB03-026,ボア・ハンコック,Boa Hancock
EB03-027,マーガレット,Marguerite
EB03-028,ユウ,Yu
EB03-029,不届き者‼控えよ‼,Insolent Fool!! Stand Down!!
EB03-030,ヴィオラ,Viola
EB03-031,ヴィンスモーク・レイジュ,Vinsmoke Reiju
EB03-032,シャーロット・フランペ,Charlotte Flampe
EB03-033,シャーロット・ブリュレ,Charlotte Brulee
EB03-034,シャーロット・リンリン,Charlotte Linlin
EB03-035,シャーロット・プリン,Charlotte Pudding
EB03-036,ベビー５,Baby 5
EB03-037,リム,Lim
EB03-038,ごち♡,Thanks for the Treat. ♡
EB03-039,うるティ,Ulti
EB03-040,カリファ,Kalifa
EB03-041,孔雀,Kujyaku
EB03-042,コアラ,Koala
EB03-043,ステューシー,Stussy
EB03-044,ブラックマリア,Black Maria
EB03-045,ペローナ,Perona
EB03-046,ミス・ダブルフィンガー(ザラ),Miss Doublefinger(Zala)
EB03-047,ミス・バレンタイン(ミキータ),Miss.Valentine(Mikita)
EB03-048,レベッカ,Rebecca
EB03-049,やっぱりお前らかこの大騒ぎ,I Knew You People Were Behind This.
EB03-050,コニス,Conis
EB03-051,シャーロット・スムージー,Charlotte Smoothie
EB03-052,しらほし,Shirahoshi
EB03-053,ナミ,Nami
EB03-054,ニコ・ロビン,Nico Robin
EB03-055,ニコ・ロビン,Nico Robin
EB03-056,ベロ・ベティ,Belo Betty
EB03-057,ヤマト,Yamato
EB03-058,リリス,Lilith
EB03-059,S-スネーク,S-Snake
EB03-060,私のしもべになる？,Will You Be My Servant?
EB03-061,ウタ,Uta
EB03-062,トラファルガー・ロー,Trafalgar Law
EB04-001,ジュエリー・ボニー,Jewelry Bonney
EB04-002,ジュエリー・ボニー,Jewelry Bonney
EB04-003,スモーカー＆たしぎ,Smoker & Tashigi
EB04-004,ゼフ,Zeff
EB04-005,トラファルガー・ロー,Trafalgar Law
EB04-006,モーダ,Moda
EB04-007,ロロノア・ゾロ,Roronoa Zoro
EB04-008,歪んだ未来,Distorted Future
EB04-009,弟子の船出だ よしなに頼むよ…,It's My Student's Farewell. I Want It to Be Proper.
EB04-010,ルルシア王国,Lulucia Kingdom
EB04-011,ウロコ,Scaled Neptunian
EB04-012,菊之丞,Kikunojo
EB04-013,キャロット,Carrot
EB04-014,光月スキヤキ,Kozuki Sukiyaki
EB04-015,ジンベエ,Jinbe
EB04-016,トリ,Bird Neptunian
EB04-017,ナゾムズ,Mystoms
EB04-018,メガロ,Megalo
EB04-019,エレ爪,Eleclaw
EB04-020,鮫瓦正拳,Shark Brick Fist
EB04-021,イガラム,Igaram
EB04-022,イッショウ,Issho
EB04-023,チャカ＆ペル,Chaka & Pell
EB04-024,テラコッタ,Terracotta
EB04-025,ネフェルタリ・ビビ,Nefeltari Vivi
EB04-026,ブルーグラス,Bluegrass
EB04-027,ボア・ハンコック,Boa Hancock
EB04-028,アイスタイム,Ice Time
EB04-029,女の…涙の落ちる音がした,I Heard the Sound...of a Lady's Teardrops Falling
EB04-030,カイドウ,Kaido
EB04-031,キング,King
EB04-032,クイーン,Queen
EB04-033,グロッキーモンスターズ,Groggy Monsters
EB04-034,シャーロット・プリン,Charlotte Pudding
EB04-035,人斬り鎌ぞう,Hitokiri Kamazo
EB04-036,フォクシー,Foxy
EB04-037,ポルチェ,Porche
EB04-038,ロシナンテ＆ロー,Rosinante & Law
EB04-039,ユースタス・キッド,"Eustass""Captain""Kid"
EB04-040,火龍大炬,Flame Dragon Torch
EB04-041,ステルス・ブラック,Stealth Black
EB04-042,アルファ,Alpha
EB04-043,カク,Kaku
EB04-044,コビー,Koby
EB04-045,ジニー,Ginny
EB04-046,ドール,Doll
EB04-047,ヘルメッポ,Helmeppo
EB04-048,ロブ・ルッチ,Rob Lucci
EB04-049,指銃 黄蓮,Finger Pistol Yellow Lotus
EB04-050,調教してあげる♡,I'll Whip You Into Shape. ♡
EB04-051,エメト,Emet
EB04-052,サンジ,Sanji
EB04-053,戦桃丸,Sentomaru
EB04-054,バーソロミュー・くま,Bartholomew Kuma
EB04-055,バーソロミュー・くま,Bartholomew Kuma
EB04-056,パシフィスタ,Pacifista
EB04-057,ベガパンク,Vegapunk
EB04-058,ボルサリーノ,Borsalino
EB04-059,黒縄・大龍巻,Black Rope Dragon Twister
EB04-060,ゴムゴムの鷹銃乱打,Gum-Gum Hawk Gatling
EB04-061,モンキー・D・ルフィ,Monkey.D.Luffy
PRB01-001,サンジ,Sanji
PRB02-001,コビー,Koby
PRB02-002,トラファルガー・ロー,Trafalgar Law
PRB02-003,ラッキー・ルウ,Lucky.Roux
PRB02-004,ジュエリー・ボニー,Jewelry Bonney
PRB02-005,モンキー・Ｄ・ルフィ,Monkey.D.Luffy
PRB02-006,ロロノア・ゾロ,Roronoa Zoro
PRB02-007,ジンベエ,Jinbe
PRB02-008,マルコ,Marco
PRB02-009,Mr.3(ギャルディーノ),Mr.3(Galdino)
PRB02-010,シャーロット・プリン,Charlotte Pudding
PRB02-011,ドンキホーテ・ドフラミンゴ,Donquixote Doflamingo
PRB02-012,ナミ,Nami
PRB02-013,ゲッコー・モリア,Gecko Moria
PRB02-014,サボ,Sabo
PRB02-015,シリュウ,Shiryu
PRB02-016,お玉,Otama
PRB02-017,ボア・ハンコック,Boa Hancock
PRB02-018,ポートガス・Ｄ・エース,Portgas.D.Ace
ST01-001,モンキー・D・ルフィ,Monkey.D.Luffy
ST01-002,ウソップ,Usopp
ST01-003,カルー,Karoo
ST01-004,サンジ,Sanji
ST01-005,ジンベエ,Jinbe
ST01-006,トニートニー・チョッパー,Tony Tony.Chopper
ST01-007,ナミ,Nami
ST01-008,ニコ・ロビン,Nico Robin
ST01-009,ネフェルタリ・ビビ,Nefeltari Vivi
ST01-010,フランキー,Franky
ST01-011,ブルック,Brook
ST01-012,モンキー・D・ルフィ,Monkey.D.Luffy
ST01-013,ロロノア・ゾロ,Roronoa Zoro
ST01-014,毛皮強化,Guard Point
ST01-015,ゴムゴムのJET銃,Gum-Gum Jet Pistol
ST01-016,悪魔風脚,Diable Jambe
ST01-017,サウザンド・サニー号,Thousand Sunny
ST02-001,ユースタス・キッド,"Eustass""Captain""Kid"
ST02-002,ヴィト,Vito
ST02-003,ウルージ,Urouge
ST02-004,カポネ・ベッジ,"Capone""Gang""Bege"
ST02-005,キラー,Killer
ST02-006,コビー,Koby
ST02-007,ジュエリー・ボニー,Jewelry Bonney
ST02-008,スクラッチメン・アプー,Scratchmen Apoo
ST02-009,トラファルガー・ロー,Trafalgar Law
ST02-010,バジル・ホーキンス,Basil Hawkins
ST02-011,ヒート,Heat
ST02-012,ベポ,Bepo
ST02-013,ユースタス・キッド,"Eustass""Captain""Kid"
ST02-014,X・ドレーク,X.Drake
ST02-015,メス,Scalpel
ST02-016,反発,Repel
ST02-017,藁備手刀,Straw Sword
ST03-001,クロコダイル,Crocodile
ST03-002,エドワード・ウィーブル,Edward Weevil
ST03-003,クロコダイル,Crocodile
ST03-004,ゲッコー・モリア,Gecko Moria
ST03-005,ジュラキュール・ミホーク,Dracule Mihawk
ST03-006,ジンベエ,Jinbe
ST03-007,戦桃丸,Sentomaru
ST03-008,トラファルガー・ロー,Trafalgar Law
ST03-009,ドンキホーテ・ドフラミンゴ,Donquixote Doflamingo
ST03-010,バーソロミュー・くま,Bartholomew Kuma
ST03-011,バギー,Buggy
ST03-012,パシフィスタ,Pacifista
ST03-013,ボア・ハンコック,Boa Hancock
ST03-014,マーシャル・D・ティーチ,Marshall.D.Teach
ST03-015,砂嵐,Sables
ST03-016,つっぱり圧力砲,Thrust Pad Cannon
ST03-017,メロメロ甘風,Love-Love Mellow
ST04-001,カイドウ,Kaido
ST04-002,うるティ,Ulti
ST04-003,カイドウ,Kaido
ST04-004,キング,King
ST04-005,クイーン,Queen
ST04-006,ササキ,Sasaki
ST04-007,シープスヘッド,Sheepshead
ST04-008,ジャック,Jack
ST04-009,ジンラミー,Ginrummy
ST04-010,フーズ・フー,Who's.Who
ST04-011,ブラックマリア,Black Maria
ST04-012,ページワン,Page One
ST04-013,X・ドレーク,X.Drake
ST04-014,大看板”災害”,"Lead Performer ""Disaster"""
ST04-015,無頼男爆弾,Brachio Bomber
ST04-016,熱息,Blast Breath
ST04-017,鬼ヶ島,Onigashima Island
ST05-001,シャンクス,Shanks
ST05-002,アイン,Ain
ST05-003,アン,Ann
ST05-004,ウタ,Uta
ST05-005,カリーナ,Carina
ST05-006,ギルド・テゾーロ,Gild Tesoro
ST05-007,ゴードン,Gordon
ST05-008,シキ,Shiki
ST05-009,スカーレット,Scarlet
ST05-010,ゼット,Zephyr
ST05-011,ダグラス・バレット,Douglas Bullet
ST05-012,バカラ,Baccarat
ST05-013,ビンズ,Bins
ST05-014,ブエナ・フェスタ,Buena Festa
ST05-015,Dr.インディゴ,Dr. Indigo
ST05-016,獅子威し御所地巻き,Lion's Threat Imperial Earth Bind
ST05-017,鎧合体,Union Armada
ST06-001,サカズキ,Sakazuki
ST06-002,コビー,Koby
ST06-003,ジャンゴ,Jango
ST06-004,スモーカー,Smoker
ST06-005,センゴク,Sengoku
ST06-006,たしぎ,Tashigi
ST06-007,つる,Tsuru
ST06-008,ヒナ,Hina
ST06-009,フルボディ,Fullbody
ST06-010,ヘルメッポ,Helmeppo
ST06-011,モモンガ,Momonga
ST06-012,モンキー・D・ガープ,Monkey.D.Garp
ST06-013,Tボーン,T-Bone
ST06-014,衝撃波,Shockwave
ST06-015,大噴火,Great Eruption
ST06-016,ホワイト・アウト,White Out
ST06-017,海軍本部,Navy HQ
ST07-001,シャーロット・リンリン,Charlotte Linlin
ST07-002,シャーロット・アナナ,Charlotte Anana
ST07-003,シャーロット・カタクリ,Charlotte Katakuri
ST07-004,シャーロット・スナック,Charlotte Snack
ST07-005,シャーロット・ダイフク,Charlotte Daifuku
ST07-006,シャーロット・フランぺ,Charlotte Flampe
ST07-007,シャーロット・ブリュレ,Charlotte Brulee
ST07-008,シャーロット・プリン,Charlotte Pudding
ST07-009,シャーロット・モンドール,Charlotte Mont-d'or
ST07-010,シャーロット・リンリン,Charlotte Linlin
ST07-011,ゼウス,Zeus
ST07-012,タマゴ男爵,Baron Tamago
ST07-013,プロメテウス,Prometheus
ST07-014,ぺコムズ,Pekoms
ST07-015,ソウル・ポーカス,Soul Pocus
ST07-016,力餅,Power Mochi
ST07-017,クイーン・ママ・シャンテ号,Queen Mama Chanter
ST08-001,モンキー・D・ルフィ,Monkey.D.Luffy
ST08-002,ウタ,Uta
ST08-003,ガイモン,Gaimon
ST08-004,コビー,Koby
ST08-005,シャンクス,Shanks
ST08-006,しらほし,Shirahoshi
ST08-007,ネフェルタリ・ビビ,Nefeltari Vivi
ST08-008,ヒグマ,Higuma
ST08-009,マキノ,Makino
ST08-010,モンキー・D・ガープ,Monkey.D.Garp
ST08-011,モンキー・D・ルフィ,Monkey.D.Luffy
ST08-012,ラブーン,Laboon
ST08-013,Mr.2・ボン・クレー(ベンサム),Mr.2.Bon.Kurei(Bentham)
ST08-014,ゴムゴムの鐘,Gum-Gum Bell
ST08-015,ゴムゴムの銃,Gum-Gum Pistol
ST09-001,ヤマト,Yamato
ST09-002,雨月天ぷら,Uzuki Tempura
ST09-003,うるティ,Ulti
ST09-004,カイドウ,Kaido
ST09-005,光月おでん,Kouzuki Oden
ST09-006,光月モモの助,Kouzuki Momonosuke
ST09-007,しのぶ,Shinobu
ST09-008,霜月牛マル,Shimotsuki Ushimaru
ST09-009,風月おむすび,Fugetsu Omusubi
ST09-010,ポートガス・D・エース,Portgas.D.Ace
ST09-011,モンキー・D・ルフィ,Monkey.D.Luffy
ST09-012,ヤマト,Yamato
ST09-013,ヤマト,Yamato
ST09-014,鳴鏑,Narikabura Arrow
ST09-015,雷鳴八卦,Thunder Bagua
ST10-001,トラファルガー・ロー,Trafalgar Law
ST10-002,モンキー・D・ルフィ,Monkey.D.Luffy
ST10-003,ユースタス・キッド,"Eustass""Captain""Kid"
ST10-004,サンジ,Sanji
ST10-005,ジンベエ,Jinbe
ST10-006,モンキー・D・ルフィ,Monkey.D.Luffy
ST10-007,キラー,Killer
ST10-008,シャチ＆ペンギン,Shachi & Penguin
ST10-009,ジャンバール,Jean Bart
ST10-010,トラファルガー・ロー,Trafalgar Law
ST10-011,ヒート,Heat
ST10-012,ベポ,Bepo
ST10-013,ユースタス・キッド,"Eustass""Captain""Kid"
ST10-014,ワイヤー,Wire
ST10-015,ゴムゴムの巨人つっぱり,Gum-Gum Giant Sumo Slap
ST10-016,ゴムゴムの猿王銃乱打,Gum-Gum Kong Gatling
ST10-017,磁気万力,Punk Vise
ST11-001,ウタ,Uta
ST11-002,ウタ,Uta
ST11-003,逆光,Backlight
ST11-004,新時代,New Genesis
ST11-005,私は最強,I'm invincible
ST12-001,ロロノア・ゾロ＆サンジ,Roronoa Zoro & Sanji
ST12-002,くいな,Kuina
ST12-003,ジュラキュール・ミホーク,Dracule Mihawk
ST12-004,ヒューマンドリル,Humandrill
ST12-005,ペローナ,Perona
ST12-006,ヨサク＆ジョニー,Yosaku & Johnny
ST12-007,リカ,Rika
ST12-008,ロロノア・ゾロ,Roronoa Zoro
ST12-009,エレファント・ホンマグロ,Elephant True Bluefin
ST12-010,エンポリオ・イワンコフ,Emporio.Ivankov
ST12-011,サンジ,Sanji
ST12-012,シャーロット・プリン,Charlotte Pudding
ST12-013,ゼフ,Zeff
ST12-014,デュバル,Duval
ST12-015,パティ＆カルネ,Patty & Carne
ST12-016,獅子歌歌,Lion Strike
ST12-017,整形ショット,Plastic Surgery Shot
ST13-001,サボ,Sabo
ST13-002,ポートガス・D・エース,Portgas.D.Ace
ST13-003,モンキー・D・ルフィ,Monkey.D.Luffy
ST13-004,エドワード・ニューゲート,Edward.Newgate
ST13-005,エンポリオ・イワンコフ,Emporio.Ivankov
ST13-006,カーリー・ダダン,Curly.Dadan
ST13-007,サボ,Sabo
ST13-008,サボ,Sabo
ST13-009,シャンクス,Shanks
ST13-010,ポートガス・D・エース,Portgas.D.Ace
ST13-011,ポートガス・D・エース,Portgas.D.Ace
ST13-012,マキノ,Makino
ST13-013,モンキー・D・ガープ,Monkey.D.Garp
ST13-014,モンキー・D・ルフィ,Monkey.D.Luffy
ST13-015,モンキー・D・ルフィ,Monkey.D.Luffy
ST13-016,ヤマト,Yamato
ST13-017,「火炎」竜王,Flame Dragon King
ST13-018,ゴムゴムのJET槍,Gum-Gum Jet Spear
ST13-019,3兄弟の絆,The Three Brothers' Bond
ST14-001,モンキー・D・ルフィ,Monkey.D.Luffy
ST14-002,ウソップ,Usopp
ST14-003,サンジ,Sanji
ST14-004,ジンベエ,Jinbe
ST14-005,トニートニー・チョッパー,Tony Tony.Chopper
ST14-006,ナミ,Nami
ST14-007,ニコ・ロビン,Nico Robin
ST14-008,ハレダス,Haredas
ST14-009,フランキー,Franky
ST14-010,ブルック,Brook
ST14-011,ヘラクレス,Heracles
ST14-012,モンキー・D・ルフィ,Monkey.D.Luffy
ST14-013,ロロノア・ゾロ,Roronoa Zoro
ST14-014,ゴムゴムの巨人の回転弾,Gum-Gum Giant Rifle
ST14-015,ゴムゴムの悪魔風三刀流羊肉JET六百煩悩攻城砲,Gum-Gum Diable Three-Swords Style Mouten Jet Six Hundred Pound Phoenix Cannon
ST14-016,仲間がいる゛よ!!!!,I Have My Crew!!
ST14-017,サウザンド・サニー号,Thousand Sunny
ST15-001,アトモス,Atmos
ST15-002,エドワード・ニューゲート,Edward.Newgate
ST15-003,キングデュー,Kingdew
ST15-004,サッチ,Thatch
ST15-005,ポートガス・D・エース,Portgas.D.Ace
ST16-001,ウタ,Uta
ST16-002,ゴードン,Gordon
ST16-003,シャーロット・カタクリ,Charlotte Katakuri
ST16-004,シャンクス,Shanks
ST16-005,モンキー・D・ルフィ,Monkey.D.Luffy
ST17-001,クロコダイル,Crocodile
ST17-002,トラファルガー・ロー,Trafalgar Law
ST17-003,バギー,Buggy
ST17-004,ボア・ハンコック,Boa Hancock
ST17-005,マーシャル・D・ティーチ,Marshall.D.Teach
ST18-001,ウソ八,Uso-Hachi
ST18-002,おナミ,O-Nami
ST18-003,サン五郎,San-Gorou
ST18-004,ゾロ十郎,Zoro-Juurou
ST18-005,ルフィ太郎,Luffy-Tarou
ST19-001,スモーカー,Smoker
ST19-002,センゴク,Sengoku
ST19-003,たしぎ,Tashigi
ST19-004,ヒナ,Hina
ST19-005,モンキー・D・ガープ,Monkey.D.Garp
ST20-001,シャーロット・カタクリ,Charlotte Katakuri
ST20-002,シャーロット・クラッカー,Charlotte Cracker
ST20-003,シャーロット・ブリュレ,Charlotte Brulee
ST20-004,シャーロット・プリン,Charlotte Pudding
ST20-005,シャーロット・リンリン,Charlotte Linlin
ST21-001,モンキー・D・ルフィ,Monkey.D.Luffy
ST21-002,ウソップ,Usopp
ST21-003,サンジ,Sanji
ST21-004,ジュエリー・ボニー,Jewelry Bonney
ST21-005,ジンベエ,Jinbe
ST21-006,ステューシー,Stussy
ST21-007,戦桃丸,Sentomaru
ST21-008,トニートニー・チョッパー,Tony Tony.Chopper
ST21-009,ナミ,Nami
ST21-010,ニコ・ロビン,Nico Robin
ST21-011,フランキー,Franky
ST21-012,ブルック,Brook
ST21-013,ベガパンク,Vegapunk
ST21-014,モンキー・D・ルフィ,Monkey.D.Luffy
ST21-015,ロロノア・ゾロ,Roronoa Zoro
ST21-016,ゴムゴムの白い鞭,Gum-Gum Dawn Whip
ST21-017,ゴムゴムのモグラ銃,Gum-Gum Mole Pistol
ST22-001,エース＆ニューゲート,Ace & Newgate
ST22-002,イゾウ,Izo
ST22-003,エドワード・ニューゲート,Edward.Newgate
ST22-004,エルミー,Elmy
ST22-005,光月おでん,Kouzuki Oden
ST22-006,ジョズ,Jozu
ST22-007,スクアード,Squard
ST22-008,ディカルバン兄弟,Decalvan Brothers
ST22-009,ビスタ,Vista
ST22-010,ポートガス・Ｄ・エース,Portgas.D.Ace
ST22-011,ホワイティベイ,Whitey Bay
ST22-012,マルコ,Marco
ST22-013,リトルオーズJr.,LittleOars Jr.
ST22-014,Ａ・Ｏ,A.O.
ST22-015,おれァ‘‘白ひげ‘‘だァア!!!!,I Am Whitebeard!!
ST22-016,取り消せよ……!!!今の言葉……!!!,Take That Back!! Take Back What You Said!!
ST22-017,火拳,Fire Fist
ST23-001,ウタ,Uta
ST23-002,シャンクス,Shanks
ST23-003,ベン・ベックマン,Benn.Beckman
ST23-004,モンキー・Ｄ・ルフィ,Monkey.D.Luffy
ST23-005,ヤソップ,Yasopp
ST24-001,カポネ・ベッジ,"Capone""Gang""Bege"
ST24-002,キッド＆キラー,Kid & Killer
ST24-003,バジル・ホーキンス,Basil Hawkins
ST24-004,ロー＆ベポ,Law & Bepo
ST24-005,X・ドレーク,X.Drake
ST25-001,アルビダ,Alvida
ST25-002,カバジ,Cabaji
ST25-003,クロコダイル＆ミホーク,Crocodile & Mihawk
ST25-004,バギー,Buggy
ST25-005,モージ,Mohji
ST26-001,おそばマスク,Soba Mask
ST26-002,トニートニー・チョッパー,Tony Tony.Chopper
ST26-003,ニコ・ロビン,Nico Robin
ST26-004,フランキー将軍,General Franky
ST26-005,モンキー・Ｄ・ルフィ,Monkey.D.Luffy
ST27-001,アバロ・ピサロ,Avalo Pizarro
ST27-002,カタリーナ・デボン,Catarina Devon
ST27-003,クザン,Kuzan
ST27-004,サンファン・ウルフ,Sanjuan.Wolf
ST27-005,マーシャル・Ｄ・ティーチ,Marshall.D.Teach
ST28-001,アシュラ童子,Ashura Doji
ST28-002,イゾウ,Izo
ST28-003,錦えもん,Kin'emon
ST28-004,光月モモの助,Kouzuki Momonosuke
ST28-005,ヤマト,Yamato
ST29-001,モンキー・Ｄ・ルフィ,Monkey.D.Luffy
ST29-002,ウソップ,Usopp
ST29-003,カク,Kaku
ST29-004,サンジ,Sanji
ST29-005,ジンベエ,Jinbe
ST29-006,ステューシー,Stussy
ST29-007,トニートニー・チョッパー,Tony Tony.Chopper
ST29-008,ナミ,Nami
ST29-009,ニコ・ロビン,Nico Robin
ST29-010,フランキー,Franky
ST29-011,ブルック,Brook
ST29-012,モンキー・Ｄ・ルフィ,Monkey.D.Luffy
ST29-013,ロブ・ルッチ,Rob Lucci
ST29-014,ロロノア・ゾロ,Roronoa Zoro
ST29-015,温度レアァストライク!!!,Raw Heat Strike
ST29-016,黄猿‼おれ達は2年前の100倍強ェぞ,Kizaru!! Compared to Two Years Ago We're a Hundred Times Stronger Now!!
ST29-017,死・獅子歌歌,Iai Death Lion Song
ST30-001,ルフィ＆エース,
ST30-002,イナズマ,Inazuma
ST30-003,エドワード・ニューゲート,Edward.Newgate
ST30-004,エンポリオ・イワンコフ,Emporio.Ivankov
ST30-005,ジョズ,Jozu
ST30-006,ジンベエ,Jinbe
ST30-007,ポートガス・Ｄ・エース,Portgas.D.Ace
ST30-008,マルコ,Marco
ST30-009,リトルオーズJr.,LittleOars Jr.
ST30-010,クロコダイル,Crocodile
ST30-011,バギー,Buggy
ST30-012,モンキー・D・ルフィ,Monkey.D.Luffy
ST30-013,Mr.2・ボン・クレー(ベンサム),Mr.2.Bon.Kurei(Bentham)
ST30-014,Mr.3(ギャルディーノ),Mr.3(Galdino)
ST30-015,"この時代の名が!!!""白ひげ""だァ!!!",
ST30-016,戦えるかルフィ!!!勿論だ!!!,
ST30-017,無茶ばっかりしやがって!!!,
P-001,モンキー・D・ルフィ,Monkey.D.Luffy
P-002,冒険のにおいがするっ!!!,I Smell Adventure!!!
P-003,ユースタス・キッド,"Eustass""Captain""Kid"
P-004,クロコダイル,Crocodile
P-005,カイドウ,Kaido
P-006,モンキー・D・ルフィ,Monkey.D.Luffy
P-007,モンキー・D・ルフィ,Monkey.D.Luffy
P-008,ヤマト,Yamato
P-009,トラファルガー・ロー,Trafalgar Law
P-010,カイドウ,Kaido
P-011,ウタ,Uta
P-012,クラゲ海賊団,Jellyfish Pirates
P-013,ゴードン,Gordon
P-014,コビー,Koby
P-015,サニーくん,Sunny-Kun
P-016,シャンクス,Shanks
P-017,トラファルガー・ロー,Trafalgar Law
P-018,バルトロメオ,Bartolomeo
P-019,ベポ,Bepo
P-020,ヘルメッポ,Helmeppo
P-021,ベン・ベックマン,Benn.Beckman
P-022,モンキー・D・ルフィ,Monkey.D.Luffy
P-023,ヤソップ,Yasopp
P-024,海賊王に!!!おれはなるっ!!!!,I'm Gonna Be King of the Pirates!!
P-025,スモーカー,Smoker
P-026,モーガン,Morgan
P-027,フランキー将軍,General Franky
P-028,ポートガス・D・エース,Portgas.D.Ace
P-029,バルトロメオ,Bartolomeo
P-030,ジンベエ,Jinbe
P-031,ウタ,Uta
P-032,センゴク,Sengoku
P-033,モンキー・D・ルフィ,Monkey.D.Luffy
P-034,サンジ,Sanji
P-035,モンキー・D・ルフィ,Monkey.D.Luffy
P-036,モンキー・D・ルフィ,Monkey.D.Luffy
P-037,モンキー・D・ルフィ,Monkey.D.Luffy
P-038,トラファルガー・ロー,Trafalgar Law
P-039,ベラミー,Bellamy
P-040,カイドウ,Kaido
P-041,モンキー・D・ルフィ,Monkey.D.Luffy
P-042,ロロノア・ゾロ,Roronoa Zoro
P-043,モンキー・D・ルフィ,Monkey.D.Luffy
P-044,サボ,Sabo
P-045,ロロノア・ゾロ,Roronoa Zoro
P-046,ヤマト,Yamato
P-047,モンキー・D・ルフィ,Monkey.D.Luffy
P-048,アーロン,Arlong
P-049,ウソップ,Usopp
P-050,サンジ,Sanji
P-051,シャンクス,Shanks
P-052,ジュラキュール・ミホーク,Dracule Mihawk
P-053,ナミ,Nami
P-054,モンキー・D・ガープ,Monkey.D.Garp
P-055,モンキー・D・ルフィ,Monkey.D.Luffy
P-056,ロロノア・ゾロ,Roronoa Zoro
P-057,ウタカタララバイ,Fleeting Lullaby
P-058,風のゆくえ,Where the Wind Blows
P-059,世界のつづき,The World's Continuation
P-060,Tot Musica,Tot Musica
P-061,モンキー・D・ルフィ,Monkey.D.Luffy
P-062,ホーディ＆ヒョウゾウ,Hody & Hyouzou
P-063,ジンベエ,Jinbe
P-064,光月モモの助,Kouzuki Momonosuke
P-065,トニートニー・チョッパー,Tony Tony.Chopper
P-066,ボア・ハンコック,Boa Hancock
P-067,ユースタス・キッド,"Eustass""Captain""Kid"
P-068,サンジ,Sanji
P-069,コアラ,Koala
P-070,キャロット,Carrot
P-071,マルコ,Marco
P-072,リューマ,Ryuma
P-073,サボ,Sabo
P-074,ポートガス・D・エース,Portgas.D.Ace
P-075,モンキー・D・ルフィ,Monkey.D.Luffy
P-076,サカズキ,Sakazuki
P-077,うるティ,Ulti
P-078,アディオ,Adio
P-079,リム,Lim
P-080,モンキー・D・ルフィ,Monkey.D.Luffy
P-081,ジュラキュール・ミホーク,Dracule Mihawk
P-082,クロコダイル,Crocodile
P-083,シャンクス,Shanks
P-084,バギー,Buggy
P-085,ジュエリー・ボニー,Jewelry Bonney
P-086,トラファルガー・ロー,Trafalgar Law
P-087,ニコ・ロビン,Nico Robin
P-088,トラファルガー・ロー,Trafalgar Law
P-089,トニートニー・チョッパー,Tony Tony.Chopper
P-090,シャーロット・スムージー,Charlotte Smoothie
P-091,しらほし,Shirahoshi
P-092,コビー,Koby
P-093,トラファルガー・ロー,Trafalgar Law
P-094,ロロノア・ゾロ,Roronoa Zoro
P-095,サンジ,Sanji
P-096,少女,Girl
P-097,シャンクス,Shanks
P-098,バギー,Buggy
P-099,モンキー・D・ルフィ,Monkey.D.Luffy
P-100,マーシャル・D・ティーチ,Marshall.D.Teach
P-101,トニートニー・チョッパー,Tony Tony.Chopper
P-102,ナミ,Nami
P-103,ポートガス・D・エース,Portgas.D.Ace
P-104,シャンクス,Shanks
P-105,サボ,Sabo
P-106,モンキー・D・ルフィ,Monkey.D.Luffy
P-107,ゴール・Ｄ・ロジャー,Gol.D.Roger
P-108,モンキー・D・ルフィ,Monkey.D.Luffy
P-109,ポートガス・D・エース,Portgas.D.Ace
P-110,モンキー・D・ルフィ,Monkey.D.Luffy
P-111,ニコ・ロビン,Nico Robin
P-112,ナミ,Nami
P-113,ジュエリー・ボニー,Jewelry Bonney
P-114,ロロノア・ゾロ,Roronoa Zoro
P-115,ボア・ハンコック,Boa Hancock
P-116,ニコ・ロビン,Nico Robin
P-117,ナミ,Nami
P-118,リリス,Lilith
P-119,ポートガス・D・エース,Portgas.D.Ace
P-120,サンジ,Sanji
P-121,ブルック,Brook
P-135,モンキー・D・ルフィ,Monkey.D.Luffy
